7_days_ago,6_days_ago,5_days_ago,4_days_ago,3_days_ago,2_days_ago,1_days_ago,0_days_ago,sales_change,current_price
0.0,0.0,0.0,0.0,0.0,-0.18,0.83,0.27,-75.0,10.96
0.0,0.0,0.0,0.0,0.0,-0.18,1.01,1.0,-100.0,11.06
0.0,0.0,0.0,0.0,-0.27,0.0,2.42,7.87,37.5,4.11
0.0,0.0,0.0,0.0,-0.67,-0.68,0.0,-2.04,-100.0,2.88
0.0,0.0,0.0,0.0,0.74,0.0,0.27,1.09,-100.0,11.11
0.0,0.0,0.0,0.0,0.9,0.0,-1.28,-0.8,-33.33,9.92
0.0,0.0,0.0,0.0,-0.18,0.83,0.27,1.82,300.0,11.16
0.0,0.0,0.0,0.0,0.78,0.0,1.39,2.44,-70.0,6.71
0.0,0.0,0.0,0.0,-0.27,0.0,1.61,7.14,0.0,4.05
0.0,0.0,0.0,0.0,0.2,0.78,0.0,0.19,-28.14,5.18
0.0,0.0,0.0,0.0,-2.13,-6.52,0.0,-2.33,100.0,0.42
0.0,0.0,0.0,0.0,-0.18,1.01,1.0,0.54,100.0,11.12
0.0,0.0,0.0,-0.27,0.0,2.42,7.87,-1.46,0.0,4.05
0.0,0.0,0.0,-0.67,-0.68,0.0,-2.04,4.17,100.0,3.0
0.0,0.0,0.0,0.74,0.0,0.27,1.09,0.27,100.0,11.14
0.0,0.0,0.0,0.9,0.0,-1.28,-0.8,0.0,50.0,9.92
0.0,0.0,0.0,0.0,-2.13,-6.52,0.0,-2.33,100.0,0.42
0.0,0.0,0.0,0.0,-4.35,-2.27,0.0,-2.33,250.0,0.42
0.0,0.0,0.0,0.0,-2.13,-6.52,0.0,-2.33,100.0,0.42
0.0,0.0,0.0,0.0,-2.13,-6.52,0.0,-2.33,33.33,0.42
0.0,0.0,0.0,0.42,-0.41,0.0,0.0,-0.42,0.0,4.79
0.0,0.0,0.0,0.0,-4.26,-2.22,0.0,-2.27,11300.0,0.43
0.0,0.0,0.0,-0.18,0.83,0.27,1.82,0.27,-25.0,11.19
0.0,0.0,0.0,0.0,0.0,2.21,2.31,-0.56,25.0,7.06
0.0,0.0,0.0,0.0,-2.13,-6.52,0.0,-2.33,400.0,0.42
0.0,0.0,0.0,0.78,0.0,1.39,2.44,0.45,66.67,6.74
0.0,0.0,0.0,-0.27,0.0,1.61,7.14,0.0,-40.0,4.05
0.0,0.0,0.0,0.0,0.0,-0.69,-1.0,-0.1,66.67,9.92
0.0,0.0,0.0,0.0,0.0,0.88,1.9,-0.14,150.0,6.97
0.0,0.0,0.0,0.0,-2.13,-6.52,0.0,-2.33,656.52,0.42
0.0,0.0,0.0,0.0,-4.26,-4.44,0.0,-2.33,5400.0,0.42
0.0,0.0,0.0,0.0,0.0,1.61,6.61,0.5,-25.0,4.05
0.0,0.0,0.0,0.0,-4.26,-4.44,0.0,-2.33,136.59,0.42
0.0,0.0,0.0,0.0,-4.35,-2.27,0.0,-2.33,-38.89,0.42
0.0,0.0,0.0,-0.34,-0.12,0.0,0.0,0.81,-75.0,8.75
0.0,0.0,0.0,0.0,0.0,0.37,2.15,0.37,100.0,10.98
0.0,0.0,0.0,0.2,0.78,0.0,0.19,0.39,31.93,5.2
0.0,0.0,0.0,-2.13,-6.52,0.0,-2.33,0.0,250.0,0.42
0.0,0.0,-0.16,0.0,0.0,0.0,0.99,2.77,-40.0,6.3
0.0,0.0,0.0,-0.18,1.01,1.0,0.54,0.0,-40.0,11.12
0.0,0.0,0.29,0.0,0.0,0.0,3.81,0.56,85.71,7.12
0.0,0.0,-0.27,0.0,2.42,7.87,-1.46,0.0,9.09,4.05
0.0,0.0,-0.67,-0.68,0.0,-2.04,4.17,1.33,-66.67,3.04
0.0,0.0,0.74,0.0,0.27,1.09,0.27,0.36,-66.67,11.18
0.0,0.0,0.9,0.0,-1.28,-0.8,0.0,0.0,33.33,9.92
0.0,0.0,0.0,-2.13,-6.52,0.0,-2.33,0.0,40.91,0.42
0.0,0.0,-0.87,0.0,0.0,0.0,3.23,0.57,0.0,7.08
0.0,0.0,0.0,-4.35,-2.27,0.0,-2.33,0.0,-32.14,0.42
0.0,0.0,-0.3,0.0,0.0,0.0,-0.3,0.61,-100.0,3.29
0.0,0.0,0.0,-2.13,-6.52,0.0,-2.33,0.0,77.14,0.42
0.0,0.0,0.0,-2.13,-6.52,0.0,-2.33,0.0,381.25,0.42
0.0,0.0,0.42,-0.41,0.0,0.0,-0.42,-0.42,-25.0,4.77
0.0,0.0,0.0,-4.26,-2.22,0.0,-2.27,0.0,-58.48,0.43
0.0,0.0,-0.18,0.83,0.27,1.82,0.27,0.0,-33.33,11.19
0.0,0.0,0.0,0.0,2.21,2.31,-0.56,0.0,-40.0,7.06
0.0,0.0,0.0,-2.13,-6.52,0.0,-2.33,0.0,150.77,0.42
0.0,0.0,0.78,0.0,1.39,2.44,0.45,0.0,0.0,6.74
0.0,0.0,-0.27,0.0,1.61,7.14,0.0,0.0,88.89,4.05
0.0,0.0,0.0,0.0,-0.69,-1.0,-0.1,0.0,-53.33,9.92
0.0,0.0,-0.2,0.0,0.0,0.0,0.82,2.03,-57.14,5.03
0.0,0.0,0.0,0.0,0.88,1.9,-0.14,0.0,0.0,6.97
0.0,0.0,0.0,-2.13,-6.52,0.0,-2.33,0.0,-23.56,0.42
0.0,0.0,0.0,-4.26,-4.44,0.0,-2.33,0.0,-83.64,0.42
0.0,0.0,0.0,0.0,1.61,6.61,0.5,0.0,16.67,4.05
0.0,0.0,0.71,0.0,0.0,0.0,1.12,0.35,-100.0,14.47
0.0,0.0,0.0,-4.26,-4.44,0.0,-2.33,0.0,-10.31,0.42
0.0,0.0,0.0,-4.35,-2.27,0.0,-2.33,0.0,-90.91,0.42
0.0,0.0,-0.34,-0.12,0.0,0.0,0.81,0.91,100.0,8.83
0.0,0.0,-0.59,0.0,0.0,0.0,1.94,4.72,0.0,12.65
0.0,0.0,0.0,0.0,0.37,2.15,0.37,0.0,0.0,10.98
0.0,0.0,0.73,-0.14,0.0,0.0,0.0,-0.14,-50.0,6.9
0.0,0.0,0.2,0.78,0.0,0.19,0.39,1.73,1.83,5.29
0.0,0.0,-2.13,-6.52,0.0,-2.33,0.0,0.0,-100.0,0.42
0.0,-0.16,0.0,0.0,0.0,0.99,2.77,-0.48,33.33,6.27
0.0,0.0,-0.18,1.01,1.0,0.54,0.0,0.0,-33.33,11.12
0.0,0.0,0.0,0.0,0.0,-0.84,-0.71,-0.29,0.0,6.98
0.0,0.0,0.0,1.18,2.77,0.0,0.0,0.57,-45.45,7.1
0.0,-0.09,-0.09,0.0,0.0,0.27,-0.09,0.18,100.0,10.97
0.0,-1.83,-0.83,0.0,0.0,0.0,0.0,-0.42,100.0,4.77
0.0,0.0,0.0,0.0,0.0,-0.66,-0.67,-0.67,70.0,1.48
0.0,0.29,0.0,0.0,0.0,3.81,0.56,0.28,-30.77,7.14
0.0,0.0,0.0,0.0,0.0,4.75,0.85,0.28,100.0,7.14
0.0,-0.27,0.0,2.42,7.87,-1.46,0.0,0.0,8.33,4.05
0.0,0.0,0.0,0.0,0.0,1.46,9.9,-0.44,-11.11,11.38
0.0,-0.67,-0.68,0.0,-2.04,4.17,1.33,1.32,40.0,3.08
0.0,0.74,0.0,0.27,1.09,0.27,0.36,0.09,0.0,11.19
0.0,0.0,-0.37,0.0,0.0,0.37,1.11,0.37,100.0,10.98
0.0,0.9,0.0,-1.28,-0.8,0.0,0.0,0.0,50.0,9.92
0.0,0.0,0.0,0.0,0.5,5.49,0.0,0.95,-60.0,8.53
0.0,0.0,-2.13,-6.52,0.0,-2.33,0.0,0.0,169.35,0.42
0.0,-0.87,0.0,0.0,0.0,3.23,0.57,0.28,50.0,7.1
0.0,0.0,-4.35,-2.27,0.0,-2.33,0.0,0.0,71.05,0.42
0.0,-0.3,0.0,0.0,0.0,-0.3,0.61,1.22,100.0,3.33
0.0,0.0,0.0,0.0,0.0,4.02,0.97,0.96,40.0,8.45
0.0,0.0,0.0,0.0,0.0,0.39,0.39,0.39,100.0,2.57
0.0,0.0,0.0,0.0,0.0,5.0,18.57,3.61,100.0,2.58
0.0,0.0,-2.13,-6.52,0.0,-2.33,0.0,0.0,53.23,0.42
0.0,0.0,-2.13,-6.52,0.0,-2.33,0.0,0.0,67.53,0.42
0.0,0.42,-0.41,0.0,0.0,-0.42,-0.42,-0.21,-33.33,4.76
0.0,0.0,-4.26,-2.22,0.0,-2.27,0.0,0.0,35.21,0.43
0.0,-0.18,0.83,0.27,1.82,0.27,0.0,0.0,-100.0,11.19
0.0,0.0,0.0,2.21,2.31,-0.56,0.0,0.57,100.0,7.1
0.0,1.29,0.0,-0.36,0.0,0.0,0.0,-0.18,100.0,5.45
0.0,0.0,-2.13,-6.52,0.0,-2.33,0.0,0.0,-12.88,0.42
0.0,0.78,0.0,1.39,2.44,0.45,0.0,0.0,80.0,6.74
0.0,2.52,0.0,0.0,0.0,0.0,13.24,0.92,0.0,15.36
0.0,-0.27,0.0,1.61,7.14,0.0,0.0,1.48,-5.88,4.11
0.0,0.0,0.0,-0.69,-1.0,-0.1,0.0,0.0,-14.29,9.92
0.0,-0.2,0.0,0.0,0.0,0.82,2.03,0.0,66.67,5.03
0.0,0.0,0.0,0.88,1.9,-0.14,0.0,0.14,-40.0,6.98
0.0,0.0,0.0,0.0,0.0,4.01,0.41,2.42,66.67,5.07
0.0,0.0,0.0,0.0,0.0,1.41,11.67,0.39,0.0,15.28
0.0,0.0,-2.13,-6.52,0.0,-2.33,0.0,0.0,30.83,0.42
0.0,0.0,-4.26,-4.44,0.0,-2.33,0.0,0.0,5.56,0.42
0.0,0.0,0.0,1.61,6.61,0.5,0.0,1.48,57.14,4.11
0.0,0.71,0.0,0.0,0.0,1.12,0.35,0.35,100.0,14.52
0.0,0.0,0.0,0.0,0.0,0.36,0.36,-0.36,0.0,2.78
0.0,0.0,-4.26,-4.44,0.0,-2.33,0.0,0.0,88.51,0.42
0.0,0.0,-4.35,-2.27,0.0,-2.33,0.0,0.0,7200.0,0.42
0.0,-0.34,-0.12,0.0,0.0,0.81,0.91,-0.45,-100.0,8.79
0.0,0.0,0.0,0.0,0.0,-0.09,-0.53,-0.7,-33.33,11.28
0.0,-0.59,0.0,0.0,0.0,1.94,4.72,0.32,0.0,12.69
0.0,0.0,0.0,0.37,2.15,0.37,0.0,0.0,50.0,10.98
0.0,0.0,0.0,0.0,0.0,1.76,12.12,1.2,-42.86,5.9
0.0,0.73,-0.14,0.0,0.0,0.0,-0.14,0.0,0.0,6.9
0.0,0.0,0.0,0.0,0.0,-0.18,0.9,-0.54,266.67,5.57
0.0,0.2,0.78,0.0,0.19,0.39,1.73,0.57,-1.35,5.32
-0.16,0.0,0.0,0.0,0.99,2.77,-0.48,0.0,25.0,6.27
0.0,-0.18,1.01,1.0,0.54,0.0,0.0,0.0,0.0,11.12
0.0,0.0,0.0,0.0,-0.84,-0.71,-0.29,0.0,25.0,6.98
0.0,0.0,1.18,2.77,0.0,0.0,0.57,0.0,133.33,7.1
-0.09,-0.09,0.0,0.0,0.27,-0.09,0.18,0.09,50.0,10.98
-1.83,-0.83,0.0,0.0,0.0,0.0,-0.42,0.0,-100.0,4.77
0.0,0.0,0.0,0.0,-0.66,-0.67,-0.67,0.0,-41.18,1.48
0.0,0.0,0.0,0.0,0.0,1.27,6.92,1.18,150.0,1.72
-0.16,0.0,0.0,0.0,0.0,0.0,0.56,3.43,40.0,12.95
0.29,0.0,0.0,0.0,3.81,0.56,0.28,0.0,-44.44,7.14
0.0,0.0,0.0,0.0,4.75,0.85,0.28,0.0,0.0,7.14
-0.27,0.0,2.42,7.87,-1.46,0.0,0.0,1.48,-30.77,4.11
0.0,0.0,0.0,0.0,1.46,9.9,-0.44,0.88,100.0,11.48
-0.67,-0.68,0.0,-2.04,4.17,1.33,1.32,0.32,14.29,3.09
0.74,0.0,0.27,1.09,0.27,0.36,0.09,0.18,100.0,11.21
0.0,-0.37,0.0,0.0,0.37,1.11,0.37,0.0,0.0,10.98
0.9,0.0,-1.28,-0.8,0.0,0.0,0.0,0.0,-16.67,9.92
0.0,0.0,0.0,0.5,5.49,0.0,0.95,0.0,50.0,8.53
0.0,0.0,0.0,0.0,0.0,3.18,3.7,2.38,30.0,1.72
0.0,-2.13,-6.52,0.0,-2.33,0.0,0.0,0.0,-37.72,0.42
-0.87,0.0,0.0,0.0,3.23,0.57,0.28,0.0,-33.33,7.1
0.0,-4.35,-2.27,0.0,-2.33,0.0,0.0,0.0,0.0,0.42
-0.3,0.0,0.0,0.0,-0.3,0.61,1.22,0.0,-100.0,3.33
0.0,0.0,0.0,0.0,4.02,0.97,0.96,0.0,0.0,8.45
0.0,0.0,0.0,0.0,0.0,0.64,5.06,1.81,-44.44,1.69
0.0,0.0,0.0,0.0,0.39,0.39,0.39,0.0,-20.0,2.57
3.57,0.64,0.0,0.0,0.0,0.0,0.0,2.25,-25.0,11.34
0.0,0.0,0.0,0.0,0.0,0.64,5.7,2.99,22.22,1.72
0.0,0.0,0.0,0.0,-8.71,-5.23,0.0,0.32,-50.0,3.09
0.0,0.0,0.0,0.0,5.0,18.57,3.61,3.88,50.0,2.68
0.0,0.0,0.0,0.0,-0.34,-1.86,0.0,-0.69,400.0,5.77
0.0,-2.13,-6.52,0.0,-2.33,0.0,0.0,0.0,-23.16,0.42
0.0,-2.13,-6.52,0.0,-2.33,0.0,0.0,0.0,1.55,0.42
-0.09,0.0,-0.09,0.0,0.0,0.0,0.0,0.54,133.33,11.11
0.42,-0.41,0.0,0.0,-0.42,-0.42,-0.21,0.0,-50.0,4.76
0.0,-4.26,-2.22,0.0,-2.27,0.0,0.0,0.0,-5.73,0.43
-0.18,0.83,0.27,1.82,0.27,0.0,0.0,0.0,100.0,11.19
0.0,0.0,2.21,2.31,-0.56,0.0,0.57,0.0,-66.67,7.1
0.0,0.0,0.0,0.0,0.0,2.55,6.21,1.17,-21.43,1.73
1.29,0.0,-0.36,0.0,0.0,0.0,-0.18,0.0,-66.67,5.45
0.0,-2.13,-6.52,0.0,-2.33,0.0,0.0,0.0,16.2,0.42
0.78,0.0,1.39,2.44,0.45,0.0,0.0,0.45,0.0,6.77
2.52,0.0,0.0,0.0,0.0,13.24,0.92,-0.52,0.0,15.28
-0.27,0.0,1.61,7.14,0.0,0.0,1.48,0.0,18.75,4.11
0.0,0.0,-0.69,-1.0,-0.1,0.0,0.0,0.0,50.0,9.92
-0.2,0.0,0.0,0.0,0.82,2.03,0.0,0.6,20.0,5.06
0.0,0.0,0.88,1.9,-0.14,0.0,0.14,0.0,-33.33,6.98
0.0,0.0,0.0,0.0,4.01,0.41,2.42,0.39,-26.67,5.09
0.0,0.0,0.0,0.0,1.41,11.67,0.39,0.0,-22.22,15.28
-0.49,0.0,0.0,0.0,0.0,-0.49,0.0,-2.48,150.0,1.97
0.0,-2.13,-6.52,0.0,-2.33,0.0,0.0,0.0,-40.23,0.42
0.0,-4.26,-4.44,0.0,-2.33,0.0,0.0,0.0,26.32,0.42
0.0,0.0,1.61,6.61,0.5,0.0,1.48,0.0,-9.09,4.11
0.71,0.0,0.0,0.0,1.12,0.35,0.35,0.0,-42.86,14.52
0.0,0.0,0.0,0.0,0.36,0.36,-0.36,0.0,0.0,2.78
0.0,-4.26,-4.44,0.0,-2.33,0.0,0.0,0.0,-29.27,0.42
0.0,-4.35,-2.27,0.0,-2.33,0.0,0.0,0.0,72.6,0.42
-0.34,-0.12,0.0,0.0,0.81,0.91,-0.45,0.34,100.0,8.82
0.0,0.0,0.0,0.0,-0.09,-0.53,-0.7,0.0,-25.0,11.28
0.0,0.0,0.0,0.0,6.12,0.0,0.96,1.9,100.0,1.07
-0.59,0.0,0.0,0.0,1.94,4.72,0.32,0.0,50.0,12.69
0.0,0.0,0.37,2.15,0.37,0.0,0.0,0.0,-100.0,10.98
0.0,0.0,0.0,0.0,1.76,12.12,1.2,0.0,25.0,5.9
0.73,-0.14,0.0,0.0,0.0,-0.14,0.0,0.0,-100.0,6.9
0.0,0.0,0.0,0.0,-0.18,0.9,-0.54,0.0,18.18,5.57
0.0,0.0,0.0,0.0,0.0,0.64,6.33,1.19,16.67,1.7
0.2,0.78,0.0,0.19,0.39,1.73,0.57,0.19,9.32,5.33
-2.13,-6.52,0.0,-2.33,0.0,0.0,0.0,0.0,100.0,0.42
0.0,0.0,0.0,0.0,0.64,6.96,0.0,1.78,57.14,1.72
0.0,0.0,0.0,0.99,2.77,-0.48,0.0,0.0,20.0,6.27
-0.18,1.01,1.0,0.54,0.0,0.0,0.0,0.0,50.0,11.12
0.0,0.0,0.0,-0.84,-0.71,-0.29,0.0,0.0,-20.0,6.98
0.0,1.18,2.77,0.0,0.0,0.57,0.0,0.0,-14.29,7.1
-0.09,0.0,0.0,0.27,-0.09,0.18,0.09,0.0,-100.0,10.98
0.0,0.0,0.0,-0.66,-0.67,-0.67,0.0,0.0,20.0,1.48
0.0,0.0,0.0,0.0,1.27,6.92,1.18,0.0,-30.0,1.72
0.0,0.0,0.0,3.81,0.56,0.28,0.0,0.0,80.0,7.14
0.0,0.0,0.0,4.75,0.85,0.28,0.0,0.0,125.0,7.14
0.0,2.42,7.87,-1.46,0.0,0.0,1.48,0.0,11.11,4.11
0.0,0.0,0.0,1.46,9.9,-0.44,0.88,0.0,-56.25,11.48
-0.68,0.0,-2.04,4.17,1.33,1.32,0.32,0.0,0.0,3.09
0.0,-1.52,0.0,0.0,17.95,8.26,0.0,4.02,100.0,2.59
0.0,0.27,1.09,0.27,0.36,0.09,0.18,0.0,0.0,11.21
-0.37,0.0,0.0,0.37,1.11,0.37,0.0,0.0,0.0,10.98
0.0,0.0,0.5,5.49,0.0,0.95,0.0,0.0,0.0,8.53
0.0,0.0,0.0,0.0,3.18,3.7,2.38,0.58,0.0,1.73
-2.13,-6.52,0.0,-2.33,0.0,0.0,0.0,0.0,8.65,0.42
0.0,0.0,0.0,3.23,0.57,0.28,0.0,0.0,50.0,7.1
-4.35,-2.27,0.0,-2.33,0.0,0.0,0.0,0.0,-100.0,0.42
0.0,0.0,0.0,4.02,0.97,0.96,0.0,0.0,28.57,8.45
0.0,0.0,0.0,0.0,0.64,5.06,1.81,0.0,80.0,1.69
0.0,0.0,0.0,0.39,0.39,0.39,0.0,0.0,-50.0,2.57
0.64,0.0,0.0,0.0,0.0,0.0,2.25,2.47,-66.67,11.62
0.0,0.0,0.0,0.0,0.64,5.7,2.99,0.0,9.09,1.72
0.0,0.0,0.0,-8.71,-5.23,0.0,0.32,0.0,0.0,3.09
0.0,0.0,0.0,5.0,18.57,3.61,3.88,3.73,-33.33,2.78
0.0,0.0,0.0,-0.34,-1.86,0.0,-0.69,0.0,-60.0,5.77
-2.13,-6.52,0.0,-2.33,0.0,0.0,0.0,0.0,-34.25,0.42
-2.13,-6.52,0.0,-2.33,0.0,0.0,0.0,0.0,-58.02,0.42
0.0,-0.09,0.0,0.0,0.0,0.0,0.54,1.71,-14.29,11.3
-0.41,0.0,0.0,-0.42,-0.42,-0.21,0.0,0.0,300.0,4.76
-4.26,-2.22,0.0,-2.27,0.0,0.0,0.0,0.0,-22.65,0.43
0.83,0.27,1.82,0.27,0.0,0.0,0.0,0.0,-20.0,11.19
0.0,2.21,2.31,-0.56,0.0,0.57,0.0,0.0,100.0,7.1
0.0,0.0,0.0,0.0,2.55,6.21,1.17,0.0,36.36,1.73
-2.13,-6.52,0.0,-2.33,0.0,0.0,0.0,0.0,-0.61,0.42
0.0,1.39,2.44,0.45,0.0,0.0,0.45,0.0,-11.11,6.77
0.0,0.0,0.0,0.0,13.24,0.92,-0.52,0.0,37.5,15.28
0.0,1.61,7.14,0.0,0.0,1.48,0.0,0.0,-10.53,4.11
0.0,-0.69,-1.0,-0.1,0.0,0.0,0.0,0.0,-77.78,9.92
-0.27,0.0,0.0,0.0,0.0,0.0,1.08,5.07,0.0,3.94
0.0,0.0,0.0,0.82,2.03,0.0,0.6,0.59,33.33,5.09
0.0,0.88,1.9,-0.14,0.0,0.14,0.0,0.0,200.0,6.98
0.0,0.0,0.0,4.01,0.41,2.42,0.39,0.0,63.64,5.09
0.0,0.0,0.0,1.41,11.67,0.39,0.0,0.0,-42.86,15.28
-2.13,-6.52,0.0,-2.33,0.0,0.0,0.0,0.0,78.85,0.42
-4.26,-4.44,0.0,-2.33,0.0,0.0,0.0,0.0,166.67,0.42
0.0,1.61,6.61,0.5,0.0,1.48,0.0,0.0,-50.0,4.11
0.0,0.0,0.0,1.12,0.35,0.35,0.0,0.0,-50.0,14.52
0.0,0.0,0.0,0.36,0.36,-0.36,0.0,0.36,-50.0,2.79
-4.26,-4.44,0.0,-2.33,0.0,0.0,0.0,0.0,-34.48,0.42
-4.35,-2.27,0.0,-2.33,0.0,0.0,0.0,0.0,-15.08,0.42
-0.12,0.0,0.0,0.81,0.91,-0.45,0.34,0.0,200.0,8.82
0.0,0.0,0.0,-0.09,-0.53,-0.7,0.0,0.0,66.67,11.28
0.0,0.0,0.0,6.12,0.0,0.96,1.9,0.0,400.0,1.07
0.0,0.0,0.0,1.94,4.72,0.32,0.0,0.0,66.67,12.69
0.0,0.37,2.15,0.37,0.0,0.0,0.0,0.0,100.0,10.98
0.0,0.0,0.0,1.76,12.12,1.2,0.0,0.0,-20.0,5.9
0.0,0.0,0.0,-0.18,0.9,-0.54,0.0,0.0,-53.85,5.57
0.0,0.0,0.0,0.0,0.64,6.33,1.19,1.18,100.0,1.72
0.78,0.0,0.19,0.39,1.73,0.57,0.19,0.38,-1.46,5.35
0.0,0.0,0.0,0.64,6.96,0.0,1.78,0.0,-18.18,1.72
0.0,0.0,0.99,2.77,-0.48,0.0,0.0,0.0,-33.33,6.27
1.01,1.0,0.54,0.0,0.0,0.0,0.0,0.0,0.0,11.12
0.0,0.0,0.0,0.0,-0.42,-0.17,0.0,-0.08,-6.25,11.79
0.0,0.0,-0.84,-0.71,-0.29,0.0,0.0,0.0,100.0,6.98
1.18,2.77,0.0,0.0,0.57,0.0,0.0,0.0,-25.0,7.1
-2.04,0.0,-2.08,0.0,0.0,0.0,0.0,2.13,-43.1,0.48
0.0,0.0,-0.66,-0.67,-0.67,0.0,0.0,0.0,-25.0,1.48
0.0,0.0,0.0,1.27,6.92,1.18,0.0,0.0,14.29,1.72
0.0,0.0,3.81,0.56,0.28,0.0,0.0,0.0,-22.22,7.14
0.0,0.0,4.75,0.85,0.28,0.0,0.0,0.0,0.0,7.14
-2.04,0.0,-2.08,0.0,0.0,0.0,0.0,2.13,-2.08,0.48
2.42,7.87,-1.46,0.0,0.0,1.48,0.0,0.0,0.0,4.11
0.0,0.0,1.46,9.9,-0.44,0.88,0.0,0.0,-28.57,11.48
0.0,-2.04,4.17,1.33,1.32,0.32,0.0,0.0,-62.5,3.09
-1.52,0.0,0.0,17.95,8.26,0.0,4.02,3.47,-100.0,2.68
0.27,1.09,0.27,0.36,0.09,0.18,0.0,0.0,0.0,11.21
0.0,0.0,0.37,1.11,0.37,0.0,0.0,0.0,0.0,10.98
0.0,0.5,5.49,0.0,0.95,0.0,0.0,0.0,-66.67,8.53
0.0,0.0,0.0,3.18,3.7,2.38,0.58,0.0,53.85,1.73
0.0,0.0,3.23,0.57,0.28,0.0,0.0,0.0,-66.67,7.1
0.0,0.0,-0.3,0.61,1.22,0.0,0.3,0.0,100.0,3.34
0.0,0.0,4.02,0.97,0.96,0.0,0.0,0.0,-22.22,8.45
0.0,0.0,0.0,0.64,5.06,1.81,0.0,0.0,27.78,1.69
0.0,0.0,0.39,0.39,0.39,0.0,0.0,0.0,100.0,2.57
0.0,0.0,0.0,0.64,5.7,2.99,0.0,0.0,75.0,1.72
0.0,0.0,-8.71,-5.23,0.0,0.32,0.0,0.0,-100.0,3.09
0.0,0.0,5.0,18.57,3.61,3.88,3.73,3.24,-50.0,2.87
0.0,0.0,-0.34,-1.86,0.0,-0.69,0.0,0.0,50.0,5.77
-0.09,0.0,0.0,0.0,0.0,0.54,1.71,-0.18,200.0,11.28
0.0,0.0,-0.42,-0.42,-0.21,0.0,0.0,0.0,-25.0,4.76
-2.22,0.0,-2.27,0.0,0.0,0.0,0.0,-2.33,17.14,0.42
0.27,1.82,0.27,0.0,0.0,0.0,0.0,0.0,-50.0,11.19
2.21,2.31,-0.56,0.0,0.57,0.0,0.0,0.0,50.0,7.1
0.0,0.0,0.0,2.55,6.21,1.17,0.0,0.0,-73.33,1.73
0.0,0.0,0.0,0.0,0.0,0.27,4.31,0.34,-50.0,11.65
1.39,2.44,0.45,0.0,0.0,0.45,0.0,0.0,-25.0,6.77
0.0,0.0,0.0,13.24,0.92,-0.52,0.0,0.0,-45.45,15.28
1.61,7.14,0.0,0.0,1.48,0.0,0.0,0.0,-17.65,4.11
-0.69,-1.0,-0.1,0.0,0.0,0.0,0.0,0.0,200.0,9.92
0.0,0.0,0.0,0.0,0.0,1.08,5.07,1.02,-50.0,3.98
0.0,0.0,0.82,2.03,0.0,0.6,0.59,0.0,0.0,5.09
0.88,1.9,-0.14,0.0,0.14,0.0,0.0,0.0,0.0,6.98
0.0,0.0,4.01,0.41,2.42,0.39,0.0,0.0,-27.78,5.09
0.0,0.0,1.41,11.67,0.39,0.0,0.0,0.0,100.0,15.28
1.61,6.61,0.5,0.0,1.48,0.0,0.0,0.0,120.0,4.11
0.0,0.0,1.12,0.35,0.35,0.0,0.0,0.0,0.0,14.52
0.0,0.0,0.36,0.36,-0.36,0.0,0.36,0.0,-100.0,2.79
0.0,0.0,0.0,0.0,0.0,0.5,1.15,-0.16,-22.73,12.28
0.0,0.0,0.81,0.91,-0.45,0.34,0.0,0.0,0.0,8.82
0.0,0.0,-0.09,-0.53,-0.7,0.0,0.0,0.0,-40.0,11.28
0.0,0.0,6.12,0.0,0.96,1.9,0.0,0.0,-10.0,1.07
0.0,0.0,1.94,4.72,0.32,0.0,0.0,0.0,0.0,12.69
0.37,2.15,0.37,0.0,0.0,0.0,0.0,0.0,-100.0,10.98
0.0,0.0,1.76,12.12,1.2,0.0,0.0,0.0,-50.0,5.9
0.0,0.0,-0.18,0.9,-0.54,0.0,0.0,0.0,50.0,5.57
0.0,0.0,0.0,0.64,6.33,1.19,1.18,0.0,-78.57,1.72
0.0,0.19,0.39,1.73,0.57,0.19,0.38,0.75,-2.53,5.39
0.0,0.0,0.64,6.96,0.0,1.78,0.0,0.0,133.33,1.72
0.0,0.99,2.77,-0.48,0.0,0.0,0.0,0.0,0.0,6.27
0.0,0.0,0.0,-0.42,-0.17,0.0,-0.08,0.0,-6.67,11.79
0.0,-0.84,-0.71,-0.29,0.0,0.0,0.0,0.0,-50.0,6.98
0.0,0.27,-0.09,0.18,0.09,0.0,0.0,0.0,100.0,10.98
0.0,-2.08,0.0,0.0,0.0,0.0,2.13,6.25,33.33,0.51
0.0,-0.66,-0.67,-0.67,0.0,0.0,0.0,0.0,-11.11,1.48
0.0,0.0,1.27,6.92,1.18,0.0,0.0,0.0,-12.5,1.72
0.0,3.81,0.56,0.28,0.0,0.0,0.0,0.0,14.29,7.14
0.0,4.75,0.85,0.28,0.0,0.0,0.0,0.0,-22.22,7.14
0.0,-2.08,0.0,0.0,0.0,0.0,2.13,8.33,-74.47,0.52
7.87,-1.46,0.0,0.0,1.48,0.0,0.0,0.0,-80.0,4.11
0.0,1.46,9.9,-0.44,0.88,0.0,0.0,0.0,80.0,11.48
-2.04,4.17,1.33,1.32,0.32,0.0,0.0,0.0,0.0,3.09
0.0,0.0,17.95,8.26,0.0,4.02,3.47,0.0,100.0,2.68
1.09,0.27,0.36,0.09,0.18,0.0,0.0,0.0,-50.0,11.21
0.0,0.37,1.11,0.37,0.0,0.0,0.0,0.0,-66.67,10.98
0.5,5.49,0.0,0.95,0.0,0.0,0.0,0.0,0.0,8.53
0.0,0.0,3.18,3.7,2.38,0.58,0.0,0.0,-35.0,1.73
0.0,0.0,0.0,0.0,0.0,-3.03,-2.5,-1.28,-71.43,3.08
0.0,3.23,0.57,0.28,0.0,0.0,0.0,0.0,200.0,7.1
0.0,-0.3,0.61,1.22,0.0,0.3,0.0,0.0,-50.0,3.34
0.0,4.02,0.97,0.96,0.0,0.0,0.0,0.0,14.29,8.45
0.0,0.0,0.64,5.06,1.81,0.0,0.0,0.0,-52.17,1.69
0.0,0.39,0.39,0.39,0.0,0.0,0.0,0.0,0.0,2.57
0.0,0.0,0.64,5.7,2.99,0.0,0.0,0.0,-66.67,1.72
0.0,-8.71,-5.23,0.0,0.32,0.0,0.0,0.0,100.0,3.09
0.0,5.0,18.57,3.61,3.88,3.73,3.24,0.0,200.0,2.87
0.0,-0.34,-1.86,0.0,-0.69,0.0,0.0,0.0,-33.33,5.77
0.0,0.0,0.0,0.0,0.54,1.71,-0.18,0.0,-94.44,11.28
0.0,-0.42,-0.42,-0.21,0.0,0.0,0.0,0.0,33.33,4.76
1.82,0.27,0.0,0.0,0.0,0.0,0.0,0.18,50.0,11.21
2.31,-0.56,0.0,0.57,0.0,0.0,0.0,0.0,-16.67,7.1
0.0,0.0,2.55,6.21,1.17,0.0,0.0,0.0,125.0,1.73
0.0,0.0,0.0,0.0,0.27,4.31,0.34,0.0,60.0,11.65
0.0,-2.08,0.0,0.0,0.0,0.0,2.13,6.25,-58.21,0.51
2.44,0.45,0.0,0.0,0.45,0.0,0.0,0.0,83.33,6.77
0.0,0.0,13.24,0.92,-0.52,0.0,0.0,0.0,50.0,15.28
0.0,0.0,0.0,0.0,1.08,5.07,1.02,0.0,0.0,3.98
0.0,0.82,2.03,0.0,0.6,0.59,0.0,0.0,-37.5,5.09
0.0,-4.08,0.0,0.0,0.0,0.0,2.13,2.08,-31.43,0.49
1.9,-0.14,0.0,0.14,0.0,0.0,0.0,0.0,-16.67,6.98
0.0,4.01,0.41,2.42,0.39,0.0,0.0,0.0,-15.38,5.09
0.0,1.41,11.67,0.39,0.0,0.0,0.0,0.0,-37.5,15.28
6.61,0.5,0.0,1.48,0.0,0.0,0.0,0.0,-36.36,4.11
0.0,1.12,0.35,0.35,0.0,0.0,0.0,0.0,100.0,14.52
0.0,0.0,0.0,0.0,0.5,1.15,-0.16,0.0,29.41,12.28
0.0,0.81,0.91,-0.45,0.34,0.0,0.0,0.0,-33.33,8.82
0.0,-0.09,-0.53,-0.7,0.0,0.0,0.0,0.0,33.33,11.28
0.0,6.12,0.0,0.96,1.9,0.0,0.0,0.0,83.33,1.07
0.0,1.94,4.72,0.32,0.0,0.0,0.0,0.0,-40.0,12.69
0.0,1.76,12.12,1.2,0.0,0.0,0.0,0.0,0.0,5.9
0.0,-0.18,0.9,-0.54,0.0,0.0,0.0,0.0,-33.33,5.57
0.0,0.0,0.64,6.33,1.19,1.18,0.0,0.0,166.67,1.72
0.19,0.39,1.73,0.57,0.19,0.38,0.75,0.0,-11.47,5.39
-2.33,0.0,0.0,0.0,0.0,0.0,4.76,11.36,57.14,0.49
0.0,0.64,6.96,0.0,1.78,0.0,0.0,0.0,-9.52,1.72
0.99,2.77,-0.48,0.0,0.0,0.0,0.0,0.0,-50.0,6.27
0.0,0.0,-0.42,-0.17,0.0,-0.08,0.0,0.34,-28.57,11.83
-0.84,-0.71,-0.29,0.0,0.0,0.0,0.0,0.0,25.0,6.98
0.27,-0.09,0.18,0.09,0.0,0.0,0.0,0.0,-100.0,10.98
-2.08,0.0,0.0,0.0,0.0,2.13,6.25,5.88,45.45,0.54
-0.66,-0.67,-0.67,0.0,0.0,0.0,0.0,0.0,12.5,1.48
0.0,1.27,6.92,1.18,0.0,0.0,0.0,0.0,0.0,1.72
-2.08,0.0,0.0,0.0,0.0,0.0,8.51,5.88,129.41,0.54
3.81,0.56,0.28,0.0,0.0,0.0,0.0,0.0,0.0,7.14
4.75,0.85,0.28,0.0,0.0,0.0,0.0,0.0,0.0,7.14
-2.08,0.0,0.0,0.0,0.0,2.13,8.33,3.85,166.67,0.54
1.46,9.9,-0.44,0.88,0.0,0.0,0.0,0.0,-22.22,11.48
4.17,1.33,1.32,0.32,0.0,0.0,0.0,0.0,-33.33,3.09
0.0,17.95,8.26,0.0,4.02,3.47,0.0,0.0,-100.0,2.68
0.27,0.36,0.09,0.18,0.0,0.0,0.0,0.0,-100.0,11.21
0.37,1.11,0.37,0.0,0.0,0.0,0.0,0.0,400.0,10.98
0.0,3.18,3.7,2.38,0.58,0.0,0.0,0.0,30.77,1.73
0.0,0.0,0.0,0.0,0.0,2.08,4.08,5.88,19.05,0.54
-2.33,0.0,0.0,0.0,0.0,0.0,4.76,9.09,28.12,0.48
0.0,0.0,0.0,0.0,-3.03,-2.5,-1.28,-0.97,50.0,3.05
3.23,0.57,0.28,0.0,0.0,0.0,0.0,0.0,66.67,7.1
-2.33,0.0,0.0,0.0,0.0,0.0,2.38,13.95,200.0,0.49
-0.3,0.61,1.22,0.0,0.3,0.0,0.0,0.0,-100.0,3.34
4.02,0.97,0.96,0.0,0.0,0.0,0.0,0.0,-50.0,8.45
0.0,0.64,5.06,1.81,0.0,0.0,0.0,0.0,100.0,1.69
0.39,0.39,0.39,0.0,0.0,0.0,0.0,0.0,-75.0,2.57
0.0,0.64,5.7,2.99,0.0,0.0,0.0,0.0,114.29,1.72
-8.71,-5.23,0.0,0.32,0.0,0.0,0.0,0.0,-100.0,3.09
5.0,18.57,3.61,3.88,3.73,3.24,0.0,3.48,-100.0,2.97
0.0,-0.34,0.0,0.25,0.0,0.0,0.0,0.17,-52.73,11.85
-0.34,-1.86,0.0,-0.69,0.0,0.0,0.0,0.0,150.0,5.77
-2.33,0.0,0.0,0.0,0.0,0.0,4.76,13.64,97.96,0.5
-2.33,0.0,0.0,0.0,0.0,0.0,14.29,4.17,-13.11,0.5
0.0,0.0,0.0,0.54,1.71,-0.18,0.0,0.0,1000.0,11.28
-0.42,-0.42,-0.21,0.0,0.0,0.0,0.0,0.0,-50.0,4.76
-2.27,0.0,0.0,0.0,0.0,-2.33,0.0,19.05,101.39,0.5
0.0,2.55,6.21,1.17,0.0,0.0,0.0,0.0,33.33,1.73
0.0,0.0,0.0,0.27,4.31,0.34,0.0,-0.26,-50.0,11.62
-2.08,0.0,0.0,0.0,0.0,2.13,6.25,5.88,57.14,0.54
-2.33,0.0,0.0,0.0,0.0,0.0,2.38,13.95,122.81,0.49
0.0,13.24,0.92,-0.52,0.0,0.0,0.0,0.0,66.67,15.28
0.0,0.0,0.0,1.08,5.07,1.02,0.0,0.0,-100.0,3.98
0.82,2.03,0.0,0.6,0.59,0.0,0.0,0.0,20.0,5.09
-4.08,0.0,0.0,0.0,0.0,2.13,2.08,8.16,95.83,0.53
4.01,0.41,2.42,0.39,0.0,0.0,0.0,0.0,81.82,5.09
1.41,11.67,0.39,0.0,0.0,0.0,0.0,0.0,60.0,15.28
-2.33,0.0,0.0,0.0,0.0,0.0,7.14,8.89,84.31,0.49
-2.33,0.0,0.0,0.0,0.0,0.0,2.38,13.95,-2.86,0.49
1.12,0.35,0.35,0.0,0.0,0.0,0.0,0.0,-50.0,14.52
0.0,0.0,0.0,0.5,1.15,-0.16,0.0,0.0,0.0,12.28
-2.33,0.0,0.0,0.0,0.0,0.0,4.76,11.36,48.68,0.49
0.81,0.91,-0.45,0.34,0.0,0.0,0.0,0.0,50.0,8.82
-0.09,-0.53,-0.7,0.0,0.0,0.0,0.0,0.0,-75.0,11.28
-2.08,0.0,0.0,0.0,0.0,0.0,8.51,5.88,-32.43,0.54
6.12,0.0,0.96,1.9,0.0,0.0,0.0,0.0,-84.85,1.07
1.94,4.72,0.32,0.0,0.0,0.0,0.0,0.0,66.67,12.69
1.76,12.12,1.2,0.0,0.0,0.0,0.0,0.0,-100.0,5.9
-2.08,0.0,0.0,0.0,0.0,0.0,6.38,8.0,97.83,0.54
-0.18,0.9,-0.54,0.0,0.0,0.0,0.0,0.0,-66.67,5.57
0.0,0.64,6.33,1.19,1.18,0.0,0.0,0.0,-50.0,1.72
0.39,1.73,0.57,0.19,0.38,0.75,0.0,0.56,2.69,5.42
0.0,0.0,0.0,0.0,0.0,4.76,11.36,2.04,-6.82,0.5
0.64,6.96,0.0,1.78,0.0,0.0,0.0,0.0,-52.63,1.72
0.0,-0.42,-0.17,0.0,-0.08,0.0,0.34,1.35,10.0,11.99
0.0,0.0,0.0,0.0,2.13,6.25,5.88,0.0,10.94,0.54
1.27,6.92,1.18,0.0,0.0,0.0,0.0,0.0,-28.57,1.72
0.0,0.56,3.43,0.0,0.0,0.0,0.0,-2.55,-33.33,12.62
0.0,0.0,0.0,0.0,2.13,8.33,3.85,0.0,181.25,0.54
9.9,-0.44,0.88,0.0,0.0,0.0,0.0,0.0,28.57,11.48
1.33,1.32,0.32,0.0,0.0,0.0,0.0,0.0,300.0,3.09
17.95,8.26,0.0,4.02,3.47,0.0,0.0,0.0,100.0,2.68
0.0,0.0,0.0,0.0,0.0,1.57,0.78,0.77,50.0,1.31
3.18,3.7,2.38,0.58,0.0,0.0,0.0,-2.89,-47.06,1.68
0.0,0.0,0.0,0.0,2.08,4.08,5.88,0.0,120.0,0.54
0.0,0.0,0.0,0.0,0.0,4.76,9.09,4.17,2.44,0.5
0.0,0.0,0.0,-3.03,-2.5,-1.28,-0.97,0.0,-33.33,3.05
0.0,0.0,0.0,0.0,0.0,2.38,13.95,2.04,-72.22,0.5
0.64,5.06,1.81,0.0,0.0,0.0,0.0,1.18,-45.45,1.71
0.64,5.7,2.99,0.0,0.0,0.0,0.0,0.0,6.67,1.72
18.57,3.61,3.88,3.73,3.24,0.0,3.48,0.0,100.0,2.97
-0.34,0.0,0.25,0.0,0.0,0.0,0.17,1.01,36.54,11.97
0.0,0.0,0.54,1.71,-0.18,0.0,0.0,0.0,-45.45,11.28
2.55,6.21,1.17,0.0,0.0,0.0,0.0,0.0,-100.0,1.73
0.0,0.0,0.27,4.31,0.34,0.0,-0.26,0.0,75.0,11.62
0.0,0.0,0.0,0.0,2.13,6.25,5.88,0.0,-38.64,0.54
13.24,0.92,-0.52,0.0,0.0,0.0,0.0,0.0,-33.33,15.28
0.0,0.0,1.08,5.07,1.02,0.0,0.0,0.0,100.0,3.98
2.03,0.0,0.6,0.59,0.0,0.0,0.0,0.59,50.0,5.12
0.0,0.0,0.0,0.0,2.13,2.08,8.16,0.0,-65.96,0.53
0.41,2.42,0.39,0.0,0.0,0.0,0.0,0.0,-15.0,5.09
-0.34,0.0,0.0,0.0,0.0,0.0,0.52,3.79,100.0,6.03
0.0,0.0,0.5,1.15,-0.16,0.0,0.0,0.0,4.55,12.28
0.91,-0.45,0.34,0.0,0.0,0.0,0.0,0.0,66.67,8.82
0.64,6.33,1.19,1.18,0.0,0.0,0.0,0.0,75.0,1.72
1.73,0.57,0.19,0.38,0.75,0.0,0.56,-0.37,10.95,5.4
0.0,0.0,0.0,0.0,4.76,11.36,2.04,0.0,-21.95,0.5
-0.42,-0.17,0.0,-0.08,0.0,0.34,1.35,0.0,63.64,11.99
0.0,0.0,0.0,2.13,6.25,5.88,0.0,0.0,25.35,0.54
0.56,3.43,0.0,0.0,0.0,0.0,-2.55,2.61,0.0,12.95
0.0,0.0,0.0,2.13,8.33,3.85,0.0,0.0,-55.56,0.54
8.26,0.0,4.02,3.47,0.0,0.0,0.0,0.0,0.0,2.68
0.0,0.0,0.0,0.0,1.57,0.78,0.77,0.0,66.67,1.31
3.7,2.38,0.58,0.0,0.0,0.0,-2.89,2.98,33.33,1.73
0.0,0.0,0.0,2.08,4.08,5.88,0.0,0.0,-62.73,0.54
0.0,0.0,0.0,0.0,4.76,9.09,4.17,0.0,-32.14,0.5
0.0,0.0,-3.03,-2.5,-1.28,-0.97,0.0,0.0,200.0,3.05
0.0,0.0,0.0,0.0,2.38,13.95,2.04,0.0,170.0,0.5
5.06,1.81,0.0,0.0,0.0,0.0,1.18,0.0,25.0,1.71
3.61,3.88,3.73,3.24,0.0,3.48,0.0,0.0,66.67,2.97
0.0,0.0,0.0,0.0,0.0,-1.35,-1.37,-1.39,-18.75,0.71
0.0,0.25,0.0,0.0,0.0,0.17,1.01,0.0,36.62,11.97
0.0,0.54,1.71,-0.18,0.0,0.0,0.0,0.0,100.0,11.28
0.0,0.27,4.31,0.34,0.0,-0.26,0.0,0.0,-42.86,11.62
0.0,0.0,0.0,2.13,6.25,5.88,0.0,0.0,81.48,0.54
0.0,1.08,5.07,1.02,0.0,0.0,0.0,0.0,-100.0,3.98
0.0,0.6,0.59,0.0,0.0,0.0,0.59,0.0,-44.44,5.12
0.0,0.0,0.0,2.13,2.08,8.16,0.0,0.0,81.25,0.53
0.0,0.0,0.0,0.0,7.14,8.89,0.0,2.04,-18.35,0.5
0.0,0.0,0.0,0.0,2.38,13.95,0.0,2.04,221.88,0.5
0.0,0.5,1.15,-0.16,0.0,0.0,0.0,0.0,-21.74,12.28
6.33,1.19,1.18,0.0,0.0,0.0,0.0,0.0,71.43,1.72
0.57,0.19,0.38,0.75,0.0,0.56,-0.37,0.56,-2.36,5.43
0.0,0.0,0.0,4.76,11.36,2.04,0.0,0.0,-100.0,0.5
-0.17,0.0,-0.08,0.0,0.34,1.35,0.0,0.0,-5.56,11.99
0.0,0.0,2.13,6.25,5.88,0.0,0.0,0.0,-10.11,0.54
3.43,0.0,0.0,0.0,0.0,-2.55,2.61,0.0,-25.0,12.95
0.0,0.0,2.13,8.33,3.85,0.0,0.0,0.0,70.0,0.54
0.0,0.0,0.0,-0.37,0.0,0.0,-0.37,-0.37,-31.82,7.98
0.0,0.0,0.0,0.0,1.74,3.18,0.0,1.42,100.0,4.28
1.1,6.2,0.0,0.0,0.0,0.0,0.0,-1.35,66.67,15.38
0.0,7.37,0.0,0.0,0.0,0.0,-0.32,-0.9,-33.33,15.4
0.0,0.0,0.0,1.57,0.78,0.77,0.0,0.0,-35.0,1.31
2.38,0.58,0.0,0.0,0.0,-2.89,2.98,0.0,33.33,1.73
0.0,0.0,2.08,4.08,5.88,0.0,0.0,0.0,34.15,0.54
0.0,0.0,0.0,0.0,0.0,1.68,4.64,1.27,25.0,3.2
0.0,0.0,0.0,4.76,9.09,4.17,0.0,0.0,14.04,0.5
0.0,-3.03,-2.5,-1.28,-0.97,0.0,0.0,0.0,0.0,3.05
0.0,0.0,0.0,2.38,13.95,2.04,0.0,0.0,-33.33,0.5
3.88,3.73,3.24,0.0,3.48,0.0,0.0,0.0,0.0,2.97
2.89,4.35,0.0,0.0,0.0,0.0,0.0,-1.86,-60.0,15.3
0.0,0.0,0.0,0.0,-1.35,-1.37,-1.39,0.0,46.15,0.71
0.25,0.0,0.0,0.0,0.17,1.01,0.0,0.0,-6.19,11.97
0.54,1.71,-0.18,0.0,0.0,0.0,0.0,0.0,33.33,11.28
0.27,4.31,0.34,0.0,-0.26,0.0,0.0,0.0,25.0,11.62
0.0,0.0,2.13,6.25,5.88,0.0,0.0,0.0,-59.18,0.54
1.08,5.07,1.02,0.0,0.0,0.0,0.0,0.0,100.0,3.98
0.6,0.59,0.0,0.0,0.0,0.59,0.0,0.0,20.0,5.12
0.0,0.0,2.13,2.08,8.16,0.0,0.0,0.0,-75.86,0.53
0.0,0.0,0.0,7.14,8.89,0.0,2.04,0.0,-19.1,0.5
0.0,0.0,0.0,2.38,13.95,0.0,2.04,0.0,-66.99,0.5
0.0,0.0,0.0,0.0,0.52,3.79,0.0,0.5,100.0,6.06
0.5,1.15,-0.16,0.0,0.0,0.0,0.0,0.0,-16.67,12.28
0.0,0.0,0.0,0.0,-1.37,-2.78,0.0,-1.43,34.04,0.69
0.19,0.38,0.75,0.0,0.56,-0.37,0.56,0.0,-1.76,5.43
0.0,0.0,0.0,0.0,0.0,1.4,0.34,0.34,100.0,2.92
0.0,0.0,4.76,11.36,2.04,0.0,0.0,0.0,100.0,0.5
0.0,-0.08,0.0,0.34,1.35,0.0,0.0,0.0,-23.53,11.99
0.0,2.13,6.25,5.88,0.0,0.0,0.0,0.0,-30.0,0.54
0.0,2.13,8.33,3.85,0.0,0.0,0.0,0.0,-4.41,0.54
0.0,0.0,-0.37,0.0,0.0,-0.37,-0.37,0.0,73.33,7.98
0.0,0.0,0.0,1.74,3.18,0.0,1.42,0.0,-100.0,4.28
6.2,0.0,0.0,0.0,0.0,0.0,-1.35,-2.21,0.0,15.04
7.37,0.0,0.0,0.0,0.0,0.0,-0.77,-3.23,185.71,14.97
7.37,0.0,0.0,0.0,0.0,-0.32,-0.9,-2.79,62.5,14.97
0.0,0.0,1.57,0.78,0.77,0.0,0.0,-3.05,215.38,1.27
0.58,0.0,0.0,0.0,-2.89,2.98,0.0,0.0,31.25,1.73
0.0,2.08,4.08,5.88,0.0,0.0,0.0,0.0,-10.91,0.54
0.0,0.0,0.0,0.0,1.68,4.64,1.27,0.0,-20.0,3.2
0.0,0.0,4.76,9.09,4.17,0.0,0.0,0.0,30.77,0.5
-3.03,-2.5,-1.28,-0.97,0.0,0.0,0.0,0.0,-83.33,3.05
0.0,0.0,2.38,13.95,2.04,0.0,0.0,0.0,8.33,0.5
3.73,3.24,0.0,3.48,0.0,0.0,0.0,0.0,-40.0,2.97
4.35,0.0,0.0,0.0,0.0,0.0,-1.86,-1.7,200.0,15.04
0.0,0.0,0.0,-1.35,-1.37,-1.39,0.0,0.0,-60.53,0.71
4.31,0.34,0.0,-0.26,0.0,0.0,0.0,0.0,0.0,11.62
0.0,2.13,6.25,5.88,0.0,0.0,0.0,0.0,40.0,0.54
0.0,2.13,2.08,8.16,0.0,0.0,0.0,0.0,-100.0,0.53
0.0,0.0,7.14,8.89,0.0,2.04,0.0,0.0,-4.17,0.5
0.0,0.0,2.38,13.95,0.0,2.04,0.0,0.0,111.76,0.5
0.0,0.0,0.0,0.52,3.79,0.0,0.5,0.0,-66.67,6.06
0.0,0.0,0.0,-1.37,-2.78,0.0,-1.43,1.45,-69.84,0.7
0.38,0.75,0.0,0.56,-0.37,0.56,0.0,-0.18,0.0,5.42
0.0,0.0,0.0,0.0,1.4,0.34,0.34,0.0,-74.07,2.92
0.0,4.76,11.36,2.04,0.0,0.0,0.0,0.0,48.48,0.5
-0.08,0.0,0.34,1.35,0.0,0.0,0.0,0.0,-15.38,11.99
2.13,6.25,5.88,0.0,0.0,0.0,0.0,0.0,-98.21,0.54
2.13,8.33,3.85,0.0,0.0,0.0,0.0,0.0,-96.92,0.54
0.0,-0.37,0.0,0.0,-0.37,-0.37,0.0,0.0,-53.85,7.98
0.0,0.0,1.74,3.18,0.0,1.42,0.0,0.0,100.0,4.28
0.0,0.0,0.0,0.0,0.0,-1.35,-2.21,-0.47,60.0,14.97
0.0,0.0,0.0,0.0,-0.32,-0.9,-2.79,0.0,53.85,14.97
0.0,1.57,0.78,0.77,0.0,0.0,-3.05,3.15,-73.17,1.31
2.08,4.08,5.88,0.0,0.0,0.0,0.0,0.0,-91.84,0.54
0.0,0.0,0.0,1.68,4.64,1.27,0.0,0.0,-25.0,3.2
0.0,4.76,9.09,4.17,0.0,0.0,0.0,0.0,-2.35,0.5
-2.5,-1.28,-0.97,0.0,0.0,0.0,0.0,0.0,400.0,3.05
0.0,2.38,13.95,2.04,0.0,0.0,0.0,0.0,-20.51,0.5
0.0,0.0,0.0,0.0,0.0,-1.86,-1.7,-0.47,50.0,14.97
0.0,0.0,-1.35,-1.37,-1.39,0.0,0.0,0.0,273.33,0.71
2.13,6.25,5.88,0.0,0.0,0.0,0.0,0.0,-100.0,0.54
0.0,7.14,8.89,0.0,2.04,0.0,0.0,0.0,-17.39,0.5
0.0,2.38,13.95,0.0,2.04,0.0,0.0,0.0,-34.72,0.5
0.0,0.0,0.52,3.79,0.0,0.5,0.0,0.0,-100.0,6.06
0.0,4.76,11.36,0.0,0.0,0.0,0.0,2.04,13.79,0.5
0.0,0.0,-1.37,-2.78,0.0,-1.43,1.45,0.0,152.63,0.7
0.0,6.38,8.0,0.0,0.0,0.0,0.0,-1.85,-7.69,0.53
0.75,0.0,0.56,-0.37,0.56,0.0,-0.18,-0.37,-10.74,5.4
0.0,0.0,0.0,1.4,0.34,0.34,0.0,0.0,57.14,2.92
4.76,11.36,2.04,0.0,0.0,0.0,0.0,0.0,-24.49,0.5
0.0,0.34,1.35,0.0,0.0,0.0,0.0,-0.17,-9.09,11.97
0.0,0.0,-2.55,2.61,0.0,0.0,0.0,-0.08,0.0,12.94
-0.37,0.0,0.0,-0.37,-0.37,0.0,0.0,0.0,108.33,7.98
0.0,1.74,3.18,0.0,1.42,0.0,0.0,0.0,75.0,4.28
0.0,0.0,0.0,0.0,-1.35,-2.21,-0.47,0.0,-25.0,14.97
0.0,0.0,0.0,0.0,0.0,1.98,-1.62,-1.4,0.0,11.99
0.0,0.0,0.0,-0.32,-0.9,-2.79,0.0,0.0,-35.0,14.97
1.57,0.78,0.77,0.0,0.0,-3.05,3.15,0.0,27.27,1.31
0.0,0.0,1.68,4.64,1.27,0.0,0.0,0.0,-100.0,3.2
4.76,9.09,4.17,0.0,0.0,0.0,0.0,0.0,-57.83,0.5
2.38,13.95,2.04,0.0,0.0,0.0,0.0,0.0,-48.39,0.5
0.0,0.0,0.0,0.0,-1.86,-1.7,-0.47,0.0,-11.11,14.97
0.0,-1.35,-1.37,-1.39,0.0,0.0,0.0,0.0,-39.29,0.71
0.0,0.0,0.0,0.0,3.43,0.0,-5.94,-0.9,0.0,12.09
2.08,8.16,0.0,0.0,0.0,0.0,0.0,1.89,100.0,0.54
7.14,8.89,0.0,2.04,0.0,0.0,0.0,0.0,8.77,0.5
2.38,13.95,0.0,2.04,0.0,0.0,0.0,0.0,14.89,0.5
0.0,0.52,3.79,0.0,0.5,0.0,0.0,0.5,100.0,6.09
4.76,11.36,0.0,0.0,0.0,0.0,2.04,0.0,-25.25,0.5
0.0,-1.37,-2.78,0.0,-1.43,1.45,0.0,0.0,41.67,0.7
6.38,8.0,0.0,0.0,0.0,0.0,-1.85,1.89,54.17,0.54
0.0,0.56,-0.37,0.56,0.0,-0.18,-0.37,0.0,14.29,5.4
0.0,0.0,1.4,0.34,0.34,0.0,0.0,0.0,-54.55,2.92
0.34,1.35,0.0,0.0,0.0,0.0,-0.17,0.0,40.0,11.97
0.0,-2.55,2.61,0.0,0.0,0.0,-0.08,-0.54,-100.0,12.87
1.74,3.18,0.0,1.42,0.0,0.0,0.0,0.0,-14.29,4.28
0.0,0.0,0.0,-1.35,-2.21,-0.47,0.0,0.0,-66.67,14.97
0.0,0.0,0.0,0.0,1.98,-1.62,-1.4,-0.08,81.82,11.98
0.0,0.0,-0.32,-0.9,-2.79,0.0,0.0,0.0,84.62,14.97
0.78,0.77,0.0,0.0,-3.05,3.15,0.0,0.0,-71.43,1.31
0.0,0.0,0.0,-1.86,-1.7,-0.47,0.0,0.0,-25.0,14.97
-1.35,-1.37,-1.39,0.0,0.0,0.0,0.0,0.0,20.59,0.71
0.0,0.0,0.0,3.43,0.0,-5.94,-0.9,-0.91,-28.57,11.98
0.52,3.79,0.0,0.5,0.0,0.0,0.5,0.0,0.0,6.09
0.0,0.0,0.0,-0.48,0.0,0.0,0.48,-0.41,-75.0,14.46
-1.37,-2.78,0.0,-1.43,1.45,0.0,0.0,0.0,-29.41,0.7
8.0,0.0,0.0,0.0,0.0,-1.85,1.89,0.0,-12.16,0.54
0.56,-0.37,0.56,0.0,-0.18,-0.37,0.0,0.0,-1.32,5.4
0.0,1.4,0.34,0.34,0.0,0.0,0.0,0.0,140.0,2.92
-2.55,2.61,0.0,0.0,0.0,-0.08,-0.54,0.0,100.0,12.87
3.18,0.0,1.42,0.0,0.0,0.0,0.0,0.7,-16.67,4.31
0.0,0.0,-1.35,-2.21,-0.47,0.0,0.0,0.0,100.0,14.97
0.0,0.0,0.0,1.98,-1.62,-1.4,-0.08,0.0,-35.0,11.98
0.0,-0.32,-0.9,-2.79,0.0,0.0,0.0,0.0,-29.17,14.97
0.77,0.0,0.0,-3.05,3.15,0.0,0.0,0.0,50.0,1.31
0.0,0.0,-1.86,-1.7,-0.47,0.0,0.0,0.0,66.67,14.97
-1.37,-1.39,0.0,0.0,0.0,0.0,0.0,-1.41,97.56,0.7
0.0,0.0,3.43,0.0,-5.94,-0.9,-0.91,0.0,-10.0,11.98
3.79,0.0,0.5,0.0,0.0,0.5,0.0,0.0,-75.0,6.09
0.0,0.0,-0.48,0.0,0.0,0.48,-0.41,0.0,-100.0,14.46
-2.78,0.0,-1.43,1.45,0.0,0.0,0.0,0.0,29.17,0.7
-0.37,0.56,0.0,-0.18,-0.37,0.0,0.0,-0.19,0.0,5.39
1.4,0.34,0.34,0.0,0.0,0.0,0.0,0.0,-100.0,2.92
0.0,0.0,0.0,0.0,-0.29,0.59,0.0,-0.29,-100.0,3.42
2.61,0.0,0.0,0.0,-0.08,-0.54,0.0,0.0,0.0,12.87
0.0,-1.35,-2.21,-0.47,0.0,0.0,0.0,0.0,50.0,14.97
0.0,0.0,1.98,-1.62,-1.4,-0.08,0.0,0.0,53.85,11.98
-0.32,-0.9,-2.79,0.0,0.0,0.0,0.0,0.0,-5.88,14.97
0.0,-1.86,-1.7,-0.47,0.0,0.0,0.0,0.0,-10.0,14.97
0.0,3.43,0.0,-5.94,-0.9,-0.91,0.0,0.0,-22.22,11.98
0.56,0.0,-0.18,-0.37,0.0,0.0,-0.19,-0.56,3.33,5.36
0.0,0.0,0.0,-0.29,0.59,0.0,-0.29,0.0,100.0,3.42
-1.35,-2.21,-0.47,0.0,0.0,0.0,0.0,0.0,0.0,14.97
0.0,1.98,-1.62,-1.4,-0.08,0.0,0.0,0.0,-55.0,11.98
-1.86,-1.7,-0.47,0.0,0.0,0.0,0.0,0.0,0.0,14.97
3.43,0.0,-5.94,-0.9,-0.91,0.0,0.0,0.0,42.86,11.98
0.0,0.0,0.0,0.0,0.0,-0.27,-3.56,-0.46,-18.75,10.8
-0.48,0.0,0.0,0.48,-0.41,0.0,0.28,0.0,100.0,14.5
0.0,0.0,0.0,0.0,0.0,-0.49,-2.45,-1.26,-88.89,11.77
0.0,-0.18,-0.37,0.0,0.0,-0.19,-0.56,-0.56,-3.44,5.33
0.0,0.0,-0.29,0.59,0.0,-0.29,0.0,0.0,-50.0,3.42
1.98,-1.62,-1.4,-0.08,0.0,0.0,0.0,0.0,0.0,11.98
0.0,-5.94,-0.9,-0.91,0.0,0.0,0.0,0.0,40.0,11.98
0.0,0.0,0.0,0.0,-0.27,-3.56,-0.46,-0.19,61.54,10.78
0.0,0.0,0.48,-0.41,0.0,0.28,0.0,0.0,-50.0,14.5
0.0,0.0,0.0,0.0,-0.49,-2.45,-1.26,-0.51,-100.0,11.71
-0.18,-0.37,0.0,0.0,-0.19,-0.56,-0.56,-0.19,-1.11,5.32
0.0,-0.29,0.59,0.0,-0.29,0.0,0.0,0.0,50.0,3.42
-1.62,-1.4,-0.08,0.0,0.0,0.0,0.0,0.0,33.33,11.98
-5.94,-0.9,-0.91,0.0,0.0,0.0,0.0,0.0,-14.29,11.98
0.0,0.0,0.0,-0.27,-3.56,-0.46,-0.19,0.0,38.1,10.78
0.0,0.48,-0.41,0.0,0.28,0.0,0.0,0.0,100.0,14.5
-0.37,0.0,0.0,-0.19,-0.56,-0.56,-0.19,-0.38,3.15,5.3
-0.29,0.59,0.0,-0.29,0.0,0.0,0.0,0.0,0.0,3.42
0.0,0.0,-0.27,-3.56,-0.46,-0.19,0.0,0.0,-41.38,10.78
0.48,-0.41,0.0,0.28,0.0,0.0,0.0,0.0,-100.0,14.5
0.0,0.0,-0.49,-2.45,-1.26,-0.51,0.0,-0.26,100.0,11.68
0.0,0.0,-0.19,-0.56,-0.56,-0.19,-0.38,0.0,-2.18,5.3
0.0,0.0,-0.73,-2.38,1.43,0.0,-0.25,-0.5,100.0,11.98
0.0,-0.27,-3.56,-0.46,-0.19,0.0,0.0,0.0,-23.53,10.78
0.0,-0.49,-2.45,-1.26,-0.51,0.0,-0.26,0.0,80.0,11.68
0.0,-0.19,-0.56,-0.56,-0.19,-0.38,0.0,0.0,4.69,5.3
0.0,-0.73,-2.38,1.43,0.0,-0.25,-0.5,0.0,-75.0,11.98
0.7,0.0,0.0,0.0,0.0,0.0,-1.62,-4.95,133.33,4.03
-0.27,-3.56,-0.46,-0.19,0.0,0.0,0.0,0.0,-30.77,10.78
-0.49,-2.45,-1.26,-0.51,0.0,-0.26,0.0,0.0,-100.0,11.68
-0.19,-0.56,-0.56,-0.19,-0.38,0.0,0.0,0.0,-5.54,5.3
-0.73,-2.38,1.43,0.0,-0.25,-0.5,0.0,0.0,-100.0,11.98
0.0,0.0,0.0,0.0,0.0,0.45,0.15,0.3,-55.56,6.68
-3.56,-0.46,-0.19,0.0,0.0,0.0,0.0,0.0,88.89,10.78
0.0,0.0,0.0,0.0,0.0,-0.82,-3.15,-1.54,-33.33,5.76
-2.45,-1.26,-0.51,0.0,-0.26,0.0,0.0,0.0,100.0,11.68
-0.56,-0.56,-0.19,-0.38,0.0,0.0,0.0,0.0,-1.58,5.3
-2.38,1.43,0.0,-0.25,-0.5,0.0,0.0,-0.5,100.0,11.92
0.0,0.0,0.0,0.0,0.45,0.15,0.3,0.0,50.0,6.68
0.0,0.0,0.0,0.0,-0.82,-3.15,-1.54,0.0,-75.0,5.76
-1.26,-0.51,0.0,-0.26,0.0,0.0,0.0,0.0,800.0,11.68
-0.56,-0.19,-0.38,0.0,0.0,0.0,0.0,0.0,1.83,5.3
1.43,0.0,-0.25,-0.5,0.0,0.0,-0.5,-2.01,212.5,11.68
0.0,0.0,0.0,-1.62,-4.95,0.0,0.0,-1.24,200.0,3.98
0.0,0.0,0.0,0.45,0.15,0.3,0.0,0.0,33.33,6.68
0.0,0.0,0.0,0.0,0.0,-0.81,-2.13,-0.52,-100.0,9.58
0.0,0.0,0.0,-0.82,-3.15,-1.54,0.0,0.0,200.0,5.76
0.0,-0.25,-0.5,0.0,0.0,-0.5,-2.01,0.0,20.0,11.68
0.0,0.0,-1.62,-4.95,0.0,0.0,-1.24,0.0,-40.0,3.98
0.0,0.0,0.45,0.15,0.3,0.0,0.0,0.0,-12.5,6.68
0.0,0.0,0.0,0.0,0.0,-0.97,-0.29,-0.2,866.67,10.16
0.0,0.0,0.0,0.0,-1.31,-1.63,0.0,-0.52,150.0,9.58
0.0,0.0,-0.82,-3.15,-1.54,0.0,0.0,0.0,66.67,5.76
-0.25,-0.5,0.0,0.0,-0.5,-2.01,0.0,0.0,-50.0,11.68
0.0,-1.62,-4.95,0.0,0.0,-1.24,0.0,0.0,-44.44,3.98
0.0,0.45,0.15,0.3,0.0,0.0,0.0,0.0,-42.86,6.68
0.0,0.0,0.0,-0.81,-2.13,-0.52,-0.42,-0.42,100.0,9.5
0.0,0.0,0.0,0.0,-0.97,-0.29,-0.2,-1.87,-34.48,9.97
0.0,0.0,0.0,0.0,0.0,-5.16,-4.63,-0.76,100.0,10.43
0.0,0.0,0.0,0.0,0.0,-5.16,-1.18,-4.04,75.0,10.45
0.0,0.0,0.0,-1.31,-1.63,0.0,-0.52,-0.42,60.0,9.54
0.0,-0.82,-3.15,-1.54,0.0,0.0,0.0,0.0,60.0,5.76
-0.5,0.0,0.0,-0.5,-2.01,0.0,0.0,0.0,13.33,11.68
-1.62,-4.95,0.0,0.0,-1.24,0.0,0.0,0.0,0.0,3.98
0.45,0.15,0.3,0.0,0.0,0.0,0.0,0.0,25.0,6.68
0.0,0.0,-0.81,-2.13,-0.52,-0.42,-0.42,0.0,50.0,9.5
0.0,0.0,0.0,-0.97,-0.29,-0.2,-1.87,0.0,-47.37,9.97
0.0,0.0,0.0,0.0,-5.16,-4.63,-0.76,0.0,-50.0,10.43
0.0,0.0,0.0,0.0,-5.16,-1.18,-4.04,-0.19,14.29,10.43
0.0,0.0,-1.31,-1.63,0.0,-0.52,-0.42,0.0,25.0,9.54
-0.82,-3.15,-1.54,0.0,0.0,0.0,0.0,0.0,-37.5,5.76
0.0,0.0,0.0,0.0,0.34,0.0,-3.41,-8.13,-30.0,2.6
0.0,-0.81,-2.13,-0.52,-0.42,-0.42,0.0,0.0,50.0,9.5
0.0,0.0,-0.97,-0.29,-0.2,-1.87,0.0,0.0,20.0,9.97
0.0,0.0,0.0,-5.16,-4.63,-0.76,0.0,0.0,120.0,10.43
0.0,0.0,0.0,0.0,0.34,0.0,-2.72,-9.09,100.0,2.6
0.0,0.0,0.0,-5.16,-1.18,-4.04,-0.19,0.0,0.0,10.43
0.0,-1.31,-1.63,0.0,-0.52,-0.42,0.0,-0.42,-30.0,9.5
0.0,0.0,0.0,0.0,0.0,1.47,3.69,1.4,0.0,9.41
0.0,0.0,0.0,0.34,0.0,-3.41,-8.13,-4.62,-42.86,2.48
-0.81,-2.13,-0.52,-0.42,-0.42,0.0,0.0,0.0,-100.0,9.5
0.0,-0.97,-0.29,-0.2,-1.87,0.0,0.0,0.0,25.0,9.97
0.0,0.0,-5.16,-4.63,-0.76,0.0,0.0,0.0,-36.36,10.43
0.0,0.0,0.0,0.34,0.0,-2.72,-9.09,-2.31,75.0,2.54
0.0,0.0,-5.16,-1.18,-4.04,-0.19,0.0,0.0,37.5,10.43
-1.31,-1.63,0.0,-0.52,-0.42,0.0,-0.42,0.0,-85.71,9.5
0.0,0.0,0.0,0.0,1.47,3.69,1.4,0.0,-100.0,9.41
0.0,0.0,0.0,0.0,0.0,-3.41,-8.83,-3.88,-50.0,2.48
0.0,0.0,0.0,0.0,-0.38,0.0,-0.57,-0.38,4.69,5.23
0.0,0.0,0.34,0.0,-3.41,-8.13,-4.62,0.0,0.0,2.48
-2.13,-0.52,-0.42,-0.42,0.0,0.0,0.0,0.0,100.0,9.5
-0.97,-0.29,-0.2,-1.87,0.0,0.0,0.0,0.0,13.33,9.97
0.0,-5.16,-4.63,-0.76,0.0,0.0,0.0,0.0,28.57,10.43
0.0,0.0,0.34,0.0,-2.72,-9.09,-2.31,-2.36,85.71,2.48
0.0,0.0,0.0,0.0,0.0,-0.95,0.96,-0.06,50.0,16.81
0.0,-5.16,-1.18,-4.04,-0.19,0.0,0.0,0.0,-36.36,10.43
-1.63,0.0,-0.52,-0.42,0.0,-0.42,0.0,0.0,400.0,9.5
0.0,0.0,0.0,1.47,3.69,1.4,0.0,0.74,100.0,9.48
0.0,0.0,0.0,0.0,-3.41,-8.83,-3.88,0.0,133.33,2.48
0.0,0.0,0.0,-0.38,0.0,-0.57,-0.38,0.0,-3.59,5.23
0.0,0.34,0.0,-3.41,-8.13,-4.62,0.0,0.0,125.0,2.48
-0.52,-0.42,-0.42,0.0,0.0,0.0,0.0,0.0,-50.0,9.5
-0.29,-0.2,-1.87,0.0,0.0,0.0,0.0,0.0,-82.35,9.97
-5.16,-4.63,-0.76,0.0,0.0,0.0,0.0,0.0,-22.22,10.43
0.0,0.34,0.0,-2.72,-9.09,-2.31,-2.36,0.0,-84.62,2.48
0.0,0.0,0.0,0.0,-0.95,0.96,-0.06,0.0,-33.33,16.81
-5.16,-1.18,-4.04,-0.19,0.0,0.0,0.0,0.0,28.57,10.43
0.0,-0.52,-0.42,0.0,-0.42,0.0,0.0,0.0,80.0,9.5
0.0,0.0,1.47,3.69,1.4,0.0,0.74,0.0,100.0,9.48
0.0,0.0,0.0,-3.41,-8.83,-3.88,0.0,0.0,57.14,2.48
0.0,0.0,-0.38,0.0,-0.57,-0.38,0.0,0.38,-3.02,5.25
0.34,0.0,-3.41,-8.13,-4.62,0.0,0.0,0.0,-22.22,2.48
0.0,0.0,0.0,-2.92,0.0,2.07,0.0,0.92,-100.0,5.48
0.34,0.0,-2.72,-9.09,-2.31,-2.36,0.0,0.0,0.0,2.48
0.0,0.0,0.0,-0.95,0.96,-0.06,0.0,0.0,-50.0,16.81
-1.18,-4.04,-0.19,0.0,0.0,0.0,0.0,0.0,-66.67,10.43
-0.52,-0.42,0.0,-0.42,0.0,0.0,0.0,0.0,44.44,9.5
0.0,1.47,3.69,1.4,0.0,0.74,0.0,0.0,-50.0,9.48
0.0,0.0,-3.41,-8.83,-3.88,0.0,0.0,0.0,-27.27,2.48
0.0,-0.38,0.0,-0.57,-0.38,0.0,0.38,0.0,2.4,5.25
0.0,-3.41,-8.13,-4.62,0.0,0.0,0.0,0.0,-57.14,2.48
0.0,0.0,0.0,0.0,0.0,0.32,0.64,5.11,73.91,3.29
0.0,0.0,-2.92,0.0,2.07,0.0,0.92,0.0,100.0,5.48
0.0,-2.72,-9.09,-2.31,-2.36,0.0,0.0,0.0,250.0,2.48
0.0,0.0,-0.95,0.96,-0.06,0.0,0.0,0.0,200.0,16.81
1.47,3.69,1.4,0.0,0.74,0.0,0.0,0.0,0.0,9.48
0.0,-3.41,-8.83,-3.88,0.0,0.0,0.0,0.0,-37.5,2.48
-0.38,0.0,-0.57,-0.38,0.0,0.38,0.0,0.0,9.13,5.25
-3.41,-8.13,-4.62,0.0,0.0,0.0,0.0,0.0,233.33,2.48
0.0,0.0,0.0,0.0,0.32,0.64,5.11,0.0,10.0,3.29
0.0,-2.92,0.0,2.07,0.0,0.92,0.0,0.0,-100.0,5.48
0.0,-4.62,0.0,0.0,0.0,0.0,-3.64,3.77,-81.82,1.65
-2.72,-9.09,-2.31,-2.36,0.0,0.0,0.0,0.0,42.86,2.48
0.0,-0.95,0.96,-0.06,0.0,0.0,0.0,0.0,-66.67,16.81
3.69,1.4,0.0,0.74,0.0,0.0,0.0,0.0,0.0,9.48
-3.41,-8.83,-3.88,0.0,0.0,0.0,0.0,0.0,-40.0,2.48
0.0,-0.57,-0.38,0.0,0.38,0.0,0.0,0.0,-7.08,5.25
0.0,0.0,0.0,0.32,0.64,5.11,0.0,0.0,-18.18,3.29
-4.62,0.0,0.0,0.0,0.0,-3.64,3.77,0.0,75.0,1.65
-9.09,-2.31,-2.36,0.0,0.0,0.0,0.0,0.0,70.0,2.48
-0.95,0.96,-0.06,0.0,0.0,0.0,0.0,0.0,100.0,16.81
-0.57,-0.38,0.0,0.38,0.0,0.0,0.0,-0.38,-4.62,5.23
0.0,0.0,0.32,0.64,5.11,0.0,0.0,0.0,-8.33,3.29
-0.38,0.0,0.38,0.0,0.0,0.0,-0.38,0.0,-6.05,5.23
0.0,0.32,0.64,5.11,0.0,0.0,0.0,0.0,42.42,3.29
0.0,0.38,0.0,0.0,0.0,-0.38,0.0,0.57,10.57,5.26
0.32,0.64,5.11,0.0,0.0,0.0,0.0,0.0,-10.64,3.29
0.38,0.0,0.0,0.0,-0.38,0.0,0.57,0.0,6.06,5.26
0.0,0.0,0.0,0.0,0.0,2.52,5.52,3.49,300.0,1.78
0.0,0.0,0.0,0.0,2.52,5.52,3.49,0.0,-75.0,1.78
0.0,0.0,0.0,2.52,5.52,3.49,0.0,0.0,-100.0,1.78
0.0,0.0,0.0,0.0,0.0,-1.75,1.79,0.58,-66.67,3.44
0.0,0.0,0.0,0.0,0.0,0.84,-5.85,5.32,-25.0,9.5
0.0,0.0,0.0,0.0,0.0,1.43,1.41,1.39,31.03,0.73
0.0,2.52,5.52,3.49,0.0,0.0,0.0,6.74,100.0,1.9
0.0,0.0,0.0,0.0,-1.75,1.79,0.58,2.62,-50.0,3.53
0.0,0.0,0.0,-3.69,0.0,0.0,0.35,1.22,100.0,5.83
0.0,0.0,0.0,0.0,0.84,-5.85,5.32,0.0,-66.67,9.5
0.0,0.0,0.0,0.0,0.0,1.45,1.43,2.82,-100.0,0.73
0.0,0.0,0.0,0.0,0.0,1.43,1.41,1.39,19.05,0.73
0.0,0.0,0.0,0.0,1.43,1.41,1.39,0.0,42.11,0.73
0.0,0.0,0.0,0.0,0.0,0.57,1.42,0.56,-33.33,7.16
2.52,5.52,3.49,0.0,0.0,0.0,6.74,2.11,-50.0,1.94
0.0,0.0,0.0,0.0,0.0,0.32,0.94,0.31,-80.0,3.22
0.0,0.0,0.0,-1.75,1.79,0.58,2.62,0.0,200.0,3.53
0.0,0.0,-3.69,0.0,0.0,0.35,1.22,0.34,-100.0,5.85
0.0,0.0,0.0,0.0,0.0,0.09,0.82,0.27,100.0,11.11
0.0,0.0,0.0,0.84,-5.85,5.32,0.0,0.0,200.0,9.5
0.0,0.0,0.0,0.0,0.0,0.32,1.68,0.63,0.0,12.8
0.0,0.0,0.0,0.0,1.45,1.43,2.82,0.0,100.0,0.73
0.0,0.0,0.0,0.0,1.43,1.41,1.39,0.0,-12.0,0.73
0.0,0.0,0.0,0.0,0.0,0.28,1.51,0.34,100.0,14.81
0.0,0.0,0.0,0.0,0.0,0.8,2.37,0.34,-75.0,11.68
0.0,0.0,0.0,0.0,0.0,0.9,1.6,0.53,100.0,5.74
5.63,6.0,1.26,1.86,0.0,0.0,0.0,1.22,100.0,3.32
0.0,0.0,0.0,1.43,1.41,1.39,0.0,0.0,0.0,0.73
0.0,0.0,0.0,0.0,0.57,1.42,0.56,0.28,300.0,7.18
5.52,3.49,0.0,0.0,0.0,6.74,2.11,1.03,-33.33,1.96
0.0,0.0,0.0,0.0,0.32,0.94,0.31,0.0,0.0,3.22
0.0,0.0,-1.75,1.79,0.58,2.62,0.0,0.0,0.0,3.53
0.0,-3.69,0.0,0.0,0.35,1.22,0.34,0.34,-33.33,5.87
0.0,0.0,0.0,0.0,0.09,0.82,0.27,0.09,-100.0,11.12
0.0,0.0,0.84,-5.85,5.32,0.0,0.0,0.0,50.0,9.5
0.0,0.0,0.0,0.0,0.0,0.6,0.6,0.59,100.0,3.4
0.0,0.0,0.0,0.0,0.39,0.78,0.0,0.77,100.0,2.62
0.0,0.0,0.0,1.45,1.43,2.82,0.0,0.0,12.5,0.73
0.0,0.0,0.0,1.43,1.41,1.39,0.0,0.0,69.23,0.73
0.0,0.0,0.0,0.0,0.36,0.71,0.35,0.35,0.0,2.84
0.0,0.0,0.0,0.0,0.8,2.37,0.34,0.0,0.0,11.68
0.0,0.0,0.0,0.0,0.9,1.6,0.53,0.0,50.0,5.74
6.0,1.26,1.86,0.0,0.0,0.0,1.22,0.0,-100.0,3.32
0.0,0.0,0.0,0.0,0.0,0.19,-0.19,0.19,9.75,5.27
0.0,0.0,1.43,1.41,1.39,0.0,0.0,0.0,106.25,0.73
0.0,0.0,0.0,0.57,1.42,0.56,0.28,0.0,-75.0,7.18
3.49,0.0,0.0,0.0,6.74,2.11,1.03,1.02,-50.0,1.98
0.0,0.0,0.0,0.32,0.94,0.31,0.0,0.0,-100.0,3.22
0.0,-1.75,1.79,0.58,2.62,0.0,0.0,0.0,66.67,3.53
-3.69,0.0,0.0,0.35,1.22,0.34,0.34,0.0,-50.0,5.87
0.0,0.0,0.0,0.09,0.82,0.27,0.09,0.0,100.0,11.12
0.0,0.84,-5.85,5.32,0.0,0.0,0.0,0.0,-66.67,9.5
0.0,0.0,0.0,0.0,0.6,0.6,0.59,0.0,-100.0,3.4
0.0,0.0,0.0,0.32,1.68,0.63,0.31,0.0,100.0,12.84
0.0,0.0,0.0,0.39,0.78,0.0,0.77,0.0,0.0,2.62
0.0,0.0,1.45,1.43,2.82,0.0,0.0,0.0,-61.11,0.73
0.0,0.0,1.43,1.41,1.39,0.0,0.0,0.0,-18.18,0.73
0.0,0.0,0.0,0.36,0.71,0.35,0.35,0.0,-50.0,2.84
0.0,0.0,0.0,0.8,2.37,0.34,0.0,0.43,150.0,11.73
0.0,0.0,0.0,0.9,1.6,0.53,0.0,0.0,-16.67,5.74
0.0,0.0,0.0,0.0,0.19,-0.19,0.19,0.38,0.57,5.29
0.0,0.0,0.0,0.0,0.0,8.06,6.72,1.4,-66.67,2.9
0.0,1.43,1.41,1.39,0.0,0.0,0.0,0.0,-36.36,0.73
0.0,0.0,0.57,1.42,0.56,0.28,0.0,0.0,200.0,7.18
0.0,0.0,0.0,6.74,2.11,1.03,1.02,0.0,-100.0,1.98
0.0,0.0,0.32,0.94,0.31,0.0,0.0,0.0,100.0,3.22
-1.75,1.79,0.58,2.62,0.0,0.0,0.0,0.0,-60.0,3.53
0.0,0.0,0.35,1.22,0.34,0.34,0.0,0.0,300.0,5.87
0.0,0.0,0.09,0.82,0.27,0.09,0.0,0.0,-50.0,11.12
0.84,-5.85,5.32,0.0,0.0,0.0,0.0,0.0,300.0,9.5
0.0,0.0,0.32,1.68,0.63,0.31,0.0,0.0,100.0,12.84
0.0,0.0,0.39,0.78,0.0,0.77,0.0,0.0,-100.0,2.62
0.0,1.45,1.43,2.82,0.0,0.0,0.0,0.0,71.43,0.73
0.0,1.43,1.41,1.39,0.0,0.0,0.0,0.0,-11.11,0.73
0.0,0.0,0.36,0.71,0.35,0.35,0.0,0.0,100.0,2.84
0.0,0.0,0.0,0.0,0.0,4.03,10.85,1.4,-33.33,2.9
0.0,0.0,0.8,2.37,0.34,0.0,0.43,0.0,-40.0,11.73
0.0,0.0,0.9,1.6,0.53,0.0,0.0,0.0,-20.0,5.74
0.0,0.0,0.0,0.19,-0.19,0.19,0.38,0.19,-1.42,5.3
0.0,0.0,0.0,0.0,8.06,6.72,1.4,0.0,120.0,2.9
1.43,1.41,1.39,0.0,0.0,0.0,0.0,0.0,128.57,0.73
0.0,0.57,1.42,0.56,0.28,0.0,0.0,0.0,-33.33,7.18
0.0,0.0,6.74,2.11,1.03,1.02,0.0,0.0,100.0,1.98
0.0,0.32,0.94,0.31,0.0,0.0,0.0,0.0,200.0,3.22
1.79,0.58,2.62,0.0,0.0,0.0,0.0,0.0,100.0,3.53
0.0,0.0,0.0,-4.65,4.88,0.0,0.0,0.58,750.0,1.73
0.0,0.35,1.22,0.34,0.34,0.0,0.0,0.0,-50.0,5.87
0.0,0.09,0.82,0.27,0.09,0.0,0.0,0.0,0.0,11.12
0.0,0.0,0.6,0.6,0.59,0.0,0.0,0.59,100.0,3.42
0.0,0.32,1.68,0.63,0.31,0.0,0.0,0.0,-100.0,12.84
0.0,0.39,0.78,0.0,0.77,0.0,0.0,0.0,100.0,2.62
1.45,1.43,2.82,0.0,0.0,0.0,0.0,0.0,0.0,0.73
1.43,1.41,1.39,0.0,0.0,0.0,0.0,0.0,37.5,0.73
0.0,0.36,0.71,0.35,0.35,0.0,0.0,0.0,-50.0,2.84
0.0,0.0,0.0,0.0,4.03,10.85,1.4,0.0,100.0,2.9
0.0,0.8,2.37,0.34,0.0,0.43,0.0,0.0,-33.33,11.73
0.0,0.9,1.6,0.53,0.0,0.0,0.0,0.0,100.0,5.74
0.0,0.0,0.19,-0.19,0.19,0.38,0.19,0.19,23.12,5.31
0.0,0.0,0.0,8.06,6.72,1.4,0.0,0.0,-9.09,2.9
0.57,1.42,0.56,0.28,0.0,0.0,0.0,0.0,-50.0,7.18
0.0,0.0,0.0,0.0,-2.25,2.31,0.0,1.41,16.67,7.2
0.0,6.74,2.11,1.03,1.02,0.0,0.0,0.0,0.0,1.98
0.32,0.94,0.31,0.0,0.0,0.0,0.0,0.0,-66.67,3.22
0.0,0.0,-4.65,4.88,0.0,0.0,0.58,0.0,-64.71,1.73
0.35,1.22,0.34,0.34,0.0,0.0,0.0,0.0,-100.0,5.87
0.0,0.0,0.0,-3.24,3.34,0.0,0.0,-3.24,-50.0,2.99
0.09,0.82,0.27,0.09,0.0,0.0,0.0,0.0,0.0,11.12
0.0,0.6,0.6,0.59,0.0,0.0,0.59,0.0,-100.0,3.42
0.32,1.68,0.63,0.31,0.0,0.0,0.0,0.0,100.0,12.84
0.39,0.78,0.0,0.77,0.0,0.0,0.0,0.0,0.0,2.62
0.0,0.0,0.0,-16.79,-9.65,0.0,0.0,-0.97,-80.0,1.02
0.0,0.0,-3.97,4.13,0.0,0.0,0.0,0.13,9.09,7.57
0.28,1.51,0.34,0.27,0.34,0.0,0.0,0.0,100.0,14.9
0.36,0.71,0.35,0.35,0.0,0.0,0.0,0.0,100.0,2.84
0.0,0.0,0.0,4.03,10.85,1.4,0.0,0.0,50.0,2.9
0.8,2.37,0.34,0.0,0.43,0.0,0.0,0.0,50.0,11.73
0.0,1.59,2.0,0.0,0.0,0.0,0.0,0.42,100.0,7.18
0.9,1.6,0.53,0.0,0.0,0.0,0.0,0.0,-12.5,5.74
0.0,0.19,-0.19,0.19,0.38,0.19,0.19,0.38,21.6,5.33
0.0,0.0,8.06,6.72,1.4,0.0,0.0,0.0,10.0,2.9
1.42,0.56,0.28,0.0,0.0,0.0,0.0,0.0,0.0,7.18
0.0,0.0,0.0,-2.25,2.31,0.0,1.41,-0.83,-28.57,7.14
6.74,2.11,1.03,1.02,0.0,0.0,0.0,0.0,0.0,1.98
0.0,-4.65,4.88,0.0,0.0,0.58,0.0,0.0,50.0,1.73
0.0,0.0,0.0,0.0,1.34,1.24,0.0,-1.23,-50.0,12.9
1.22,0.34,0.34,0.0,0.0,0.0,0.0,0.0,100.0,5.87
0.0,0.0,-3.24,3.34,0.0,0.0,-3.24,3.34,100.0,3.09
0.82,0.27,0.09,0.0,0.0,0.0,0.0,0.0,-100.0,11.12
1.68,0.63,0.31,0.0,0.0,0.0,0.0,0.0,-100.0,12.84
0.0,0.0,-16.79,-9.65,0.0,0.0,-0.97,-0.98,200.0,1.01
0.0,-3.97,4.13,0.0,0.0,0.0,0.13,0.4,-62.5,7.6
0.0,0.0,0.0,0.0,3.15,0.0,0.51,0.51,50.0,5.96
1.51,0.34,0.27,0.34,0.0,0.0,0.0,0.0,0.0,14.9
0.71,0.35,0.35,0.0,0.0,0.0,0.0,0.0,-50.0,2.84
0.0,0.0,4.03,10.85,1.4,0.0,0.0,1.03,33.33,2.93
2.37,0.34,0.0,0.43,0.0,0.0,0.0,0.0,-66.67,11.73
0.0,0.0,0.0,0.0,0.79,0.78,0.0,-0.77,50.0,12.83
1.59,2.0,0.0,0.0,0.0,0.0,0.42,0.0,50.0,7.18
0.19,-0.19,0.19,0.38,0.19,0.19,0.38,0.19,-14.09,5.34
0.0,8.06,6.72,1.4,0.0,0.0,0.0,0.0,-81.82,2.9
0.0,0.0,-2.25,2.31,0.0,1.41,-0.83,0.0,-60.0,7.14
2.11,1.03,1.02,0.0,0.0,0.0,0.0,0.0,0.0,1.98
-4.65,4.88,0.0,0.0,0.58,0.0,0.0,0.0,33.33,1.73
0.0,0.0,0.0,1.34,1.24,0.0,-1.23,-1.32,25.0,12.73
0.0,-3.24,3.34,0.0,0.0,-3.24,3.34,0.0,-50.0,3.09
0.6,0.59,0.0,0.0,0.59,0.0,0.0,0.0,100.0,3.42
1.14,0.0,0.51,0.1,0.1,0.0,0.1,0.0,100.0,9.86
0.0,-16.79,-9.65,0.0,0.0,-0.97,-0.98,0.0,-100.0,1.01
0.0,0.0,0.0,0.0,0.0,-0.42,1.13,-0.14,-50.0,7.14
-3.97,4.13,0.0,0.0,0.0,0.13,0.4,0.0,44.44,7.6
0.0,0.0,0.0,3.15,0.0,0.51,0.51,0.0,-44.44,5.96
0.34,0.27,0.34,0.0,0.0,0.0,0.0,-0.34,0.0,14.85
0.0,4.03,10.85,1.4,0.0,0.0,1.03,0.0,-50.0,2.93
0.0,0.0,0.0,0.79,0.78,0.0,-0.77,-0.78,66.67,12.73
-0.19,0.19,0.38,0.19,0.19,0.38,0.19,0.19,14.83,5.35
8.06,6.72,1.4,0.0,0.0,0.0,0.0,0.0,300.0,2.9
0.0,-2.25,2.31,0.0,1.41,-0.83,0.0,0.0,250.0,7.14
0.0,0.0,1.34,1.24,0.0,-1.23,-1.32,1.57,0.0,12.93
-3.24,3.34,0.0,0.0,-3.24,3.34,0.0,0.0,200.0,3.09
0.0,0.0,0.0,0.0,0.0,-0.76,-1.54,1.56,-50.0,1.3
0.0,0.51,0.1,0.1,0.0,0.1,0.0,0.2,-50.0,9.88
-16.79,-9.65,0.0,0.0,-0.97,-0.98,0.0,0.0,100.0,1.01
0.0,0.0,0.0,0.0,-0.42,1.13,-0.14,0.0,125.0,7.14
4.13,0.0,0.0,0.0,0.13,0.4,0.0,0.0,30.77,7.6
0.0,0.0,3.15,0.0,0.51,0.51,0.0,0.0,140.0,5.96
0.27,0.34,0.0,0.0,0.0,0.0,-0.34,0.61,200.0,14.94
4.03,10.85,1.4,0.0,0.0,1.03,0.0,0.0,0.0,2.93
0.0,0.0,0.79,0.78,0.0,-0.77,-0.78,0.0,-80.0,12.73
0.19,0.38,0.19,0.19,0.38,0.19,0.19,0.19,1.57,5.36
-2.25,2.31,0.0,1.41,-0.83,0.0,0.0,0.0,-57.14,7.14
0.0,0.0,0.0,-0.28,-1.97,-0.43,0.0,0.0,100.0,6.95
0.0,1.34,1.24,0.0,-1.23,-1.32,1.57,6.19,-40.0,13.73
0.0,0.0,0.0,-1.26,-0.71,-0.29,0.0,0.0,100.0,6.98
3.34,0.0,0.0,-3.24,3.34,0.0,0.0,0.0,-16.67,3.09
0.0,0.0,0.0,0.0,-0.76,-1.54,1.56,-0.77,100.0,1.29
0.0,0.0,0.0,-0.56,-1.41,-0.29,0.0,0.0,100.0,6.98
0.51,0.1,0.1,0.0,0.1,0.0,0.2,0.0,-100.0,9.88
-9.65,0.0,0.0,-0.97,-0.98,0.0,0.0,0.0,-33.33,1.01
0.0,0.0,0.0,-0.42,1.13,-0.14,0.0,0.0,-44.44,7.14
0.0,3.15,0.0,0.51,0.51,0.0,0.0,0.0,-25.0,5.96
0.34,0.0,0.0,0.0,0.0,-0.34,0.61,0.0,-66.67,14.94
10.85,1.4,0.0,0.0,1.03,0.0,0.0,0.0,25.0,2.93
0.0,0.79,0.78,0.0,-0.77,-0.78,0.0,5.66,200.0,13.45
0.0,0.0,0.0,0.34,1.01,0.0,0.0,-1.84,-40.0,5.87
0.0,0.0,0.55,0.82,0.0,0.0,0.0,-0.95,83.33,7.31
0.38,0.19,0.19,0.38,0.19,0.19,0.19,0.0,5.59,5.36
2.31,0.0,1.41,-0.83,0.0,0.0,0.0,0.0,100.0,7.14
0.0,0.0,-0.28,-1.97,-0.43,0.0,0.0,0.0,-66.67,6.95
1.34,1.24,0.0,-1.23,-1.32,1.57,6.19,0.0,33.33,13.73
0.0,0.0,-1.26,-0.71,-0.29,0.0,0.0,0.0,400.0,6.98
0.0,0.0,0.0,1.96,0.0,0.0,1.92,1.89,54.84,0.54
0.0,0.0,0.0,-0.76,-1.54,1.56,-0.77,0.0,-100.0,1.29
0.0,0.0,-0.56,-1.41,-0.29,0.0,0.0,0.0,200.0,6.98
0.1,0.1,0.0,0.1,0.0,0.2,0.0,0.0,100.0,9.88
0.0,0.0,1.06,4.21,0.0,0.0,0.0,-1.01,25.0,0.98
0.0,0.0,-0.42,1.13,-0.14,0.0,0.0,0.0,40.0,7.14
3.15,0.0,0.51,0.51,0.0,0.0,0.0,0.0,-11.11,5.96
0.79,0.78,0.0,-0.77,-0.78,0.0,5.66,1.78,-33.33,13.69
0.0,0.0,0.34,1.01,0.0,0.0,-1.84,0.0,66.67,5.87
0.0,0.55,0.82,0.0,0.0,0.0,-0.95,0.0,0.0,7.31
0.19,0.19,0.38,0.19,0.19,0.19,0.0,0.0,-18.25,5.36
0.0,-0.28,-1.97,-0.43,0.0,0.0,0.0,0.0,450.0,6.95
1.24,0.0,-1.23,-1.32,1.57,6.19,0.0,0.0,0.0,13.73
0.0,-1.26,-0.71,-0.29,0.0,0.0,0.0,0.0,0.0,6.98
0.0,0.0,1.96,0.0,0.0,1.92,1.89,0.0,8.33,0.54
0.0,-0.56,-1.41,-0.29,0.0,0.0,0.0,-0.43,0.0,6.95
0.1,0.0,0.1,0.0,0.2,0.0,0.0,0.0,50.0,9.88
0.0,1.06,4.21,0.0,0.0,0.0,-1.01,-4.08,20.0,0.94
0.0,-0.42,1.13,-0.14,0.0,0.0,0.0,0.0,14.29,7.14
0.78,0.0,-0.77,-0.78,0.0,5.66,1.78,0.0,0.0,13.69
0.0,0.34,1.01,0.0,0.0,-1.84,0.0,0.0,-60.0,5.87
0.55,0.82,0.0,0.0,0.0,-0.95,0.0,0.0,36.36,7.31
0.19,0.38,0.19,0.19,0.19,0.0,0.0,0.0,13.39,5.36
-0.28,-1.97,-0.43,0.0,0.0,0.0,0.0,0.0,-90.91,6.95
0.0,-1.23,-1.32,1.57,6.19,0.0,0.0,0.0,-25.0,13.73
-1.26,-0.71,-0.29,0.0,0.0,0.0,0.0,-0.43,-60.0,6.95
0.0,1.96,0.0,0.0,1.92,1.89,0.0,0.0,-61.54,0.54
-0.56,-1.41,-0.29,0.0,0.0,0.0,-0.43,0.0,-66.67,6.95
1.06,4.21,0.0,0.0,0.0,-1.01,-4.08,0.0,-46.88,0.94
-0.42,1.13,-0.14,0.0,0.0,0.0,0.0,0.0,-25.0,7.14
0.0,0.0,0.0,0.0,0.0,2.44,5.95,2.25,-40.0,3.64
0.0,-0.77,-0.78,0.0,5.66,1.78,0.0,0.0,50.0,13.69
0.34,1.01,0.0,0.0,-1.84,0.0,0.0,0.0,150.0,5.87
0.38,0.19,0.19,0.19,0.0,0.0,0.0,0.0,2.17,5.36
-1.23,-1.32,1.57,6.19,0.0,0.0,0.0,0.0,33.33,13.73
-0.71,-0.29,0.0,0.0,0.0,0.0,-0.43,0.0,0.0,6.95
1.96,0.0,0.0,1.92,1.89,0.0,0.0,0.0,0.0,0.54
-1.41,-0.29,0.0,0.0,0.0,-0.43,0.0,0.0,0.0,6.95
4.21,0.0,0.0,0.0,-1.01,-4.08,0.0,0.0,-45.1,0.94
0.0,0.0,0.0,0.0,2.44,5.95,2.25,0.0,-66.67,3.64
-0.77,-0.78,0.0,5.66,1.78,0.0,0.0,0.37,0.0,13.74
0.19,0.19,0.19,0.0,0.0,0.0,0.0,-0.19,-15.41,5.35
0.0,0.0,0.0,0.0,0.0,-0.85,-0.43,-0.43,-37.5,11.57
-1.32,1.57,6.19,0.0,0.0,0.0,0.0,0.0,-25.0,13.73
0.0,-3.71,0.0,0.0,0.0,0.0,-7.81,8.47,100.0,9.35
0.0,0.0,-0.58,0.0,0.0,0.0,-4.07,4.24,22.22,1.72
0.0,0.0,0.74,13.19,0.0,0.0,0.0,-1.94,-25.0,6.06
0.0,1.85,1.82,0.0,0.0,0.0,0.0,-5.36,86.84,0.53
0.0,0.0,0.0,2.44,5.95,2.25,0.0,0.0,900.0,3.64
-0.78,0.0,5.66,1.78,0.0,0.0,0.37,0.0,-33.33,13.74
0.19,0.19,0.0,0.0,0.0,0.0,-0.19,-0.37,19.36,5.33
0.0,0.0,0.0,0.0,-0.85,-0.43,-0.43,-0.43,-60.0,11.52
0.16,-0.47,0.0,0.0,0.0,0.0,0.0,0.16,-44.44,12.79
-3.71,0.0,0.0,0.0,0.0,-7.81,8.47,0.0,-37.5,9.35
0.0,-0.58,0.0,0.0,0.0,-4.07,4.24,0.0,-36.36,1.72
0.0,0.74,13.19,0.0,0.0,0.0,-1.94,1.98,-8.33,6.18
1.85,1.82,0.0,0.0,0.0,0.0,-5.36,0.0,-16.9,0.53
0.0,0.0,2.44,5.95,2.25,0.0,0.0,0.0,-80.0,3.64
0.0,5.66,1.78,0.0,0.0,0.37,0.0,0.0,0.0,13.74
0.19,0.0,0.0,0.0,0.0,-0.19,-0.37,-0.19,5.15,5.32
0.0,0.0,0.0,-0.85,-0.43,-0.43,-0.43,0.0,450.0,11.52
-0.58,0.0,0.0,0.0,-4.07,4.24,0.0,0.0,71.43,1.72
0.74,13.19,0.0,0.0,0.0,-1.94,1.98,0.0,-36.36,6.18
0.0,0.0,-1.26,-1.71,0.0,0.0,0.0,-0.43,-35.14,11.47
0.0,-1.01,-4.08,0.0,0.0,0.0,0.0,1.06,16.67,0.95
0.0,2.44,5.95,2.25,0.0,0.0,0.0,0.0,150.0,3.64
0.0,0.0,0.0,0.0,0.92,0.13,0.0,0.39,85.71,7.71
0.0,0.0,0.0,0.0,0.39,1.05,0.0,-3.63,-31.58,7.43
5.66,1.78,0.0,0.0,0.37,0.0,0.0,0.0,0.0,13.74
0.0,0.0,0.0,0.0,-0.19,-0.37,-0.19,0.0,-0.36,5.32
0.0,0.0,-0.85,-0.43,-0.43,-0.43,0.0,-0.43,-81.82,11.47
13.19,0.0,0.0,0.0,-1.94,1.98,0.0,0.0,85.71,6.18
0.0,-1.26,-1.71,0.0,0.0,0.0,-0.43,0.0,70.83,11.47
-1.01,-4.08,0.0,0.0,0.0,0.0,1.06,4.21,-14.29,0.99
2.44,5.95,2.25,0.0,0.0,0.0,0.0,0.0,-20.0,3.64
0.0,0.0,0.0,0.92,0.13,0.0,0.39,0.0,-15.38,7.71
0.0,0.0,0.0,0.39,1.05,0.0,-3.63,3.77,-46.15,7.71
0.0,0.0,0.0,-0.19,-0.37,-0.19,0.0,0.0,0.91,5.32
0.0,-0.85,-0.43,-0.43,-0.43,0.0,-0.43,0.0,-50.0,11.47
0.0,0.0,0.0,0.0,3.64,2.03,0.0,8.15,100.0,5.97
-1.26,-1.71,0.0,0.0,0.0,-0.43,0.0,0.0,-82.93,11.47
-4.08,0.0,0.0,0.0,0.0,1.06,4.21,0.0,11.11,0.99
0.0,0.0,0.92,0.13,0.0,0.39,0.0,0.0,9.09,7.71
0.0,0.0,0.39,1.05,0.0,-3.63,3.77,0.0,214.29,7.71
0.0,0.0,-0.19,-0.37,-0.19,0.0,0.0,0.0,-22.92,5.32
-0.85,-0.43,-0.43,-0.43,0.0,-0.43,0.0,0.0,300.0,11.47
0.0,0.0,0.0,3.64,2.03,0.0,8.15,0.0,0.0,5.97
0.0,0.92,0.13,0.0,0.39,0.0,0.0,0.0,8.33,7.71
0.0,0.39,1.05,0.0,-3.63,3.77,0.0,0.0,-22.73,7.71
0.0,-0.19,-0.37,-0.19,0.0,0.0,0.0,0.38,19.2,5.34
-0.43,-0.43,-0.43,0.0,-0.43,0.0,0.0,0.0,-25.0,11.47
0.0,0.0,0.0,-1.74,1.78,0.0,0.0,-4.65,-90.91,1.64
0.0,0.0,3.64,2.03,0.0,8.15,0.0,0.0,50.0,5.97
0.92,0.13,0.0,0.39,0.0,0.0,0.0,0.0,-23.08,7.71
0.39,1.05,0.0,-3.63,3.77,0.0,0.0,0.0,-41.18,7.71
-0.19,-0.37,-0.19,0.0,0.0,0.0,0.38,0.19,8.84,5.35
0.0,0.0,0.0,0.0,0.0,-0.18,1.88,1.67,100.0,11.58
-0.43,-0.43,0.0,-0.43,0.0,0.0,0.0,0.0,66.67,11.47
0.0,0.0,-1.74,1.78,0.0,0.0,-4.65,4.88,200.0,1.72
0.0,3.64,2.03,0.0,8.15,0.0,0.0,0.0,-100.0,5.97
0.0,0.0,0.0,0.0,0.0,1.25,1.59,0.44,-50.0,11.54
0.0,0.0,0.0,0.0,0.0,0.36,2.32,0.44,100.0,11.52
1.05,0.0,-3.63,3.77,0.0,0.0,0.0,0.0,80.0,7.71
0.0,0.0,0.0,-3.33,3.45,0.0,0.0,-3.33,100.0,0.58
-0.37,-0.19,0.0,0.0,0.0,0.38,0.19,0.37,0.9,5.37
0.0,0.0,0.0,0.0,-0.18,1.88,1.67,0.0,0.0,11.58
0.0,-1.74,1.78,0.0,0.0,-4.65,4.88,0.0,33.33,1.72
0.0,0.0,0.0,0.0,1.25,1.59,0.44,-0.35,100.0,11.5
-0.35,0.0,0.0,0.35,0.0,0.0,-5.52,5.84,100.0,8.52
0.0,0.0,0.0,0.0,0.36,2.32,0.44,0.0,50.0,11.52
0.0,0.0,-3.33,3.45,0.0,0.0,-3.33,3.45,58.33,0.6
-0.19,0.0,0.0,0.0,0.38,0.19,0.37,6.89,-2.15,5.74
0.0,0.0,0.0,-0.18,1.88,1.67,0.0,0.0,-75.0,11.58
-1.74,1.78,0.0,0.0,-4.65,4.88,0.0,0.0,100.0,1.72
0.0,0.0,0.0,1.25,1.59,0.44,-0.35,0.0,50.0,11.5
0.0,0.0,0.35,0.0,0.0,-5.52,5.84,0.0,-33.33,8.52
0.0,0.0,0.0,0.36,2.32,0.44,0.0,-0.17,-33.33,11.5
0.0,0.0,0.0,0.0,-3.51,3.64,0.0,-1.75,93.55,0.56
0.0,-3.33,3.45,0.0,0.0,-3.33,3.45,0.0,-10.53,0.6
0.0,0.0,0.0,0.38,0.19,0.37,6.89,2.79,12.07,5.9
0.0,0.0,-0.18,1.88,1.67,0.0,0.0,0.0,300.0,11.58
1.78,0.0,0.0,-4.65,4.88,0.0,0.0,0.0,-37.5,1.72
0.0,0.0,1.25,1.59,0.44,-0.35,0.0,0.0,-100.0,11.5
0.0,0.35,0.0,0.0,-5.52,5.84,0.0,0.0,-50.0,8.52
0.0,0.0,0.36,2.32,0.44,0.0,-0.17,0.0,0.0,11.5
0.0,0.0,0.0,-3.51,3.64,0.0,-1.75,-1.79,41.67,0.55
-3.33,3.45,0.0,0.0,-3.33,3.45,0.0,0.0,-70.59,0.6
0.0,0.0,0.38,0.19,0.37,6.89,2.79,0.17,-6.69,5.91
0.0,-0.18,1.88,1.67,0.0,0.0,0.0,0.0,-25.0,11.58
0.0,1.25,1.59,0.44,-0.35,0.0,0.0,0.0,100.0,11.5
0.35,0.0,0.0,-5.52,5.84,0.0,0.0,0.0,100.0,8.52
0.0,0.0,1.62,0.0,0.0,1.06,0.0,0.7,-75.0,11.48
0.0,0.36,2.32,0.44,0.0,-0.17,0.0,0.0,50.0,11.5
0.0,0.0,0.0,0.0,0.0,0.47,0.21,0.31,-50.0,19.36
0.0,0.0,-3.51,3.64,0.0,-1.75,-1.79,3.64,-60.0,0.57
3.45,0.0,0.0,-3.33,3.45,0.0,0.0,0.0,580.0,0.6
0.0,0.38,0.19,0.37,6.89,2.79,0.17,-0.34,-1.05,5.89
-0.18,1.88,1.67,0.0,0.0,0.0,0.0,0.0,-100.0,11.58
1.25,1.59,0.44,-0.35,0.0,0.0,0.0,0.0,100.0,11.5
0.0,0.0,0.0,0.0,0.92,0.0,0.25,0.08,600.0,12.15
0.0,1.62,0.0,0.0,1.06,0.0,0.7,0.0,100.0,11.48
0.36,2.32,0.44,0.0,-0.17,0.0,0.0,0.0,-100.0,11.5
0.0,0.0,0.0,0.0,0.47,0.21,0.31,0.0,100.0,19.36
0.0,-3.51,3.64,0.0,-1.75,-1.79,3.64,0.0,-38.24,0.57
0.38,0.19,0.37,6.89,2.79,0.17,-0.34,0.0,-2.3,5.89
1.59,0.44,-0.35,0.0,0.0,0.0,0.0,0.0,-100.0,11.5
0.0,0.0,0.0,0.92,0.0,0.25,0.08,0.0,-71.43,12.15
1.62,0.0,0.0,1.06,0.0,0.7,0.0,0.0,-100.0,11.48
0.0,0.0,0.0,0.0,0.0,-13.85,9.65,5.87,100.0,3.97
0.0,0.0,0.0,0.0,0.0,-5.85,6.21,-5.32,75.0,1.78
2.32,0.44,0.0,-0.17,0.0,0.0,0.0,0.0,100.0,11.5
0.0,0.0,0.0,0.0,0.0,-1.51,-3.84,-0.66,18.18,7.47
0.0,0.0,0.0,0.47,0.21,0.31,0.0,0.26,50.0,19.41
0.0,0.0,0.0,0.0,1.73,5.92,0.0,-1.33,-28.57,14.13
0.0,0.0,0.0,0.0,0.0,1.27,1.67,0.82,100.0,9.84
-3.51,3.64,0.0,-1.75,-1.79,3.64,0.0,0.0,-100.0,0.57
0.19,0.37,6.89,2.79,0.17,-0.34,0.0,0.68,5.61,5.93
-4.65,4.88,0.0,0.0,0.0,0.0,0.0,-1.16,30.0,1.7
0.0,0.0,0.0,0.0,0.0,5.56,-1.32,1.33,-54.17,0.76
0.0,0.0,0.0,-0.83,0.0,0.1,0.0,-0.61,-50.0,29.57
-5.52,5.84,0.0,0.0,0.0,0.0,0.0,-0.47,100.0,8.48
0.0,0.0,0.92,0.0,0.25,0.08,0.0,0.0,100.0,12.15
0.0,0.0,0.0,0.0,-13.85,9.65,5.87,0.0,0.0,3.97
0.0,0.0,0.0,0.0,-5.85,6.21,-5.32,5.62,-100.0,1.88
0.0,0.0,0.0,0.0,-1.51,-3.84,-0.66,0.0,-23.08,7.47
0.0,0.0,0.47,0.21,0.31,0.0,0.26,0.0,-100.0,19.41
0.0,0.0,0.0,1.73,5.92,0.0,-1.33,0.0,100.0,14.13
0.0,0.0,0.0,0.0,1.27,1.67,0.82,0.41,-33.33,9.88
0.37,6.89,2.79,0.17,-0.34,0.0,0.68,0.67,-11.82,5.97
0.0,0.0,0.0,0.0,5.56,-1.32,1.33,0.0,54.55,0.76
0.0,0.0,-0.83,0.0,0.1,0.0,-0.61,0.0,-100.0,29.57
0.0,0.92,0.0,0.25,0.08,0.0,0.0,0.0,-50.0,12.15
0.0,0.0,0.0,-13.85,9.65,5.87,0.0,0.0,-100.0,3.97
0.0,0.0,0.0,-5.85,6.21,-5.32,5.62,0.0,100.0,1.88
0.0,0.0,0.0,-1.51,-3.84,-0.66,0.0,0.0,-40.0,7.47
0.0,0.47,0.21,0.31,0.0,0.26,0.0,-0.46,100.0,19.32
0.0,0.0,1.73,5.92,0.0,-1.33,0.0,0.71,-40.0,14.23
0.0,0.0,0.0,1.27,1.67,0.82,0.41,0.0,-100.0,9.88
6.89,2.79,0.17,-0.34,0.0,0.68,0.67,-0.17,1.94,5.96
0.0,0.0,0.0,5.56,-1.32,1.33,0.0,0.0,-52.94,0.76
0.0,-0.83,0.0,0.1,0.0,-0.61,0.0,0.0,100.0,29.57
0.92,0.0,0.25,0.08,0.0,0.0,0.0,0.0,150.0,12.15
0.0,0.0,-13.85,9.65,5.87,0.0,0.0,0.0,100.0,3.97
0.0,0.0,-5.85,6.21,-5.32,5.62,0.0,0.0,-83.33,1.88
0.0,0.0,-1.51,-3.84,-0.66,0.0,0.0,0.0,100.0,7.47
0.47,0.21,0.31,0.0,0.26,0.0,-0.46,0.0,200.0,19.32
0.0,1.73,5.92,0.0,-1.33,0.0,0.71,0.0,-33.33,14.23
2.79,0.17,-0.34,0.0,0.68,0.67,-0.17,0.17,1.33,5.97
0.0,0.0,5.56,-1.32,1.33,0.0,0.0,0.0,125.0,0.76
-0.83,0.0,0.1,0.0,-0.61,0.0,0.0,0.0,100.0,29.57
0.0,-13.85,9.65,5.87,0.0,0.0,0.0,0.0,-100.0,3.97
0.0,-5.85,6.21,-5.32,5.62,0.0,0.0,0.0,0.0,1.88
0.0,-1.51,-3.84,-0.66,0.0,0.0,0.0,0.0,-33.33,7.47
0.21,0.31,0.0,0.26,0.0,-0.46,0.0,0.0,-33.33,19.32
1.73,5.92,0.0,-1.33,0.0,0.71,0.0,0.0,50.0,14.23
0.17,-0.34,0.0,0.68,0.67,-0.17,0.17,-0.34,2.44,5.95
0.0,5.56,-1.32,1.33,0.0,0.0,0.0,0.0,-38.89,0.76
-13.85,9.65,5.87,0.0,0.0,0.0,0.0,0.0,100.0,3.97
-5.85,6.21,-5.32,5.62,0.0,0.0,0.0,0.0,1500.0,1.88
-1.51,-3.84,-0.66,0.0,0.0,0.0,0.0,0.0,0.0,7.47
0.31,0.0,0.26,0.0,-0.46,0.0,0.0,0.0,0.0,19.32
5.92,0.0,-1.33,0.0,0.71,0.0,0.0,0.0,-33.33,14.23
1.27,1.67,0.82,0.41,0.0,0.0,0.0,0.0,100.0,9.88
-0.34,0.0,0.68,0.67,-0.17,0.17,-0.34,0.5,-4.04,5.98
5.56,-1.32,1.33,0.0,0.0,0.0,0.0,0.0,-9.09,0.76
6.21,-5.32,5.62,0.0,0.0,0.0,0.0,0.0,-87.5,1.88
0.0,0.0,0.0,0.0,0.0,0.42,10.27,1.14,40.0,5.32
1.67,0.82,0.41,0.0,0.0,0.0,0.0,0.0,-50.0,9.88
0.0,0.68,0.67,-0.17,0.17,-0.34,0.5,-0.17,-4.78,5.97
-5.32,5.62,0.0,0.0,0.0,0.0,0.0,-4.26,50.0,1.8
0.0,0.0,0.0,0.0,0.42,10.27,1.14,0.0,-42.86,5.32
0.68,0.67,-0.17,0.17,-0.34,0.5,-0.17,0.67,3.01,6.01
5.62,0.0,0.0,0.0,0.0,0.0,-4.26,4.44,133.33,1.88
0.0,0.0,0.0,0.42,10.27,1.14,0.0,0.0,-25.0,5.32
0.67,-0.17,0.17,-0.34,0.5,-0.17,0.67,0.0,0.39,6.01
0.0,0.0,0.0,0.0,0.0,-7.0,2.15,5.26,214.29,1.0
0.0,0.0,0.42,10.27,1.14,0.0,0.0,0.0,0.0,5.32
-0.17,0.17,-0.34,0.5,-0.17,0.67,0.0,-0.17,-24.08,6.0
0.0,0.0,0.0,0.0,-7.0,2.15,5.26,0.0,-31.82,1.0
0.0,0.42,10.27,1.14,0.0,0.0,0.0,0.0,33.33,5.32
0.17,-0.34,0.5,-0.17,0.67,0.0,-0.17,0.0,25.58,6.0
0.0,0.0,0.0,-7.0,2.15,5.26,0.0,0.0,-26.67,1.0
0.42,10.27,1.14,0.0,0.0,0.0,0.0,0.0,75.0,5.32
-0.34,0.5,-0.17,0.67,0.0,-0.17,0.0,0.0,4.68,6.0
0.0,0.0,-7.0,2.15,5.26,0.0,0.0,0.0,327.27,1.0
0.5,-0.17,0.67,0.0,-0.17,0.0,0.0,0.0,4.86,6.0
0.0,-7.0,2.15,5.26,0.0,0.0,0.0,0.0,-95.74,1.0
-0.17,0.67,0.0,-0.17,0.0,0.0,0.0,-0.17,11.5,5.99
-7.0,2.15,5.26,0.0,0.0,0.0,0.0,0.0,950.0,1.0
0.67,0.0,-0.17,0.0,0.0,0.0,-0.17,0.0,-8.49,5.99
0.0,0.0,0.0,0.0,1.7,9.7,0.0,1.52,-100.0,3.33
0.0,-0.17,0.0,0.0,0.0,-0.17,0.0,0.17,1.09,6.0
0.0,0.0,0.0,1.7,9.7,0.0,1.52,1.5,100.0,3.38
-0.17,0.0,0.0,0.0,-0.17,0.0,0.17,-0.67,-2.7,5.96
0.0,0.0,0.0,0.0,0.0,-0.38,-0.13,-0.13,-40.0,7.89
0.0,0.0,1.7,9.7,0.0,1.52,1.5,0.0,-50.0,3.38
0.0,0.0,0.0,0.0,0.0,-3.9,-1.84,-1.38,-18.18,7.88
-4.26,4.45,0.0,0.0,0.0,0.0,0.0,6.0,-75.0,12.19
0.0,0.0,0.0,-2.03,0.0,0.0,0.66,14.97,66.67,10.6
0.0,0.0,0.0,-0.17,0.0,0.17,-0.67,0.67,2.22,6.0
0.0,0.0,0.0,0.0,0.0,-2.05,3.83,0.34,25.0,2.99
0.0,0.0,0.0,0.0,-0.38,-0.13,-0.13,0.0,0.0,7.89
0.0,0.0,0.0,0.0,-0.52,0.0,3.39,3.27,-100.0,12.3
0.0,0.0,0.0,0.0,0.0,2.52,6.83,2.05,0.0,7.98
0.0,1.7,9.7,0.0,1.52,1.5,0.0,0.0,100.0,3.38
0.0,0.0,0.0,0.0,-3.9,-1.84,-1.38,0.0,0.0,7.88
4.45,0.0,0.0,0.0,0.0,0.0,6.0,1.64,0.0,12.39
0.0,0.0,-2.03,0.0,0.0,0.66,14.97,0.0,-40.0,10.6
0.0,0.0,0.0,0.0,7.14,0.83,0.0,0.83,-25.0,4.88
0.0,0.0,0.0,0.0,0.0,4.6,4.03,1.41,20.0,2.88
0.0,0.0,0.0,0.0,0.0,0.96,7.51,0.88,-50.0,12.57
0.0,0.0,0.0,0.0,0.0,0.68,0.68,0.34,-40.0,2.98
0.0,0.0,0.0,0.0,-1.41,-0.2,0.0,-0.2,133.33,4.88
0.0,0.0,0.0,0.0,0.0,2.52,3.39,1.64,-100.0,12.39
0.0,0.0,0.0,0.0,0.0,2.24,7.95,1.27,-28.57,7.98
0.0,0.0,0.0,0.0,0.0,0.86,0.86,0.47,100.0,10.66
0.0,0.0,0.0,0.0,0.0,0.73,0.36,0.72,0.0,13.93
0.0,0.0,0.0,0.0,0.0,1.71,0.34,-1.67,-55.56,2.94
0.0,0.0,0.0,0.0,0.0,0.87,3.34,3.24,-100.0,12.44
0.0,0.0,0.0,0.0,0.0,-2.94,3.03,-3.53,100.0,1.64
0.0,0.0,-0.17,0.0,0.17,-0.67,0.67,0.17,0.54,6.01
0.0,0.0,0.0,0.0,-2.05,3.83,0.34,0.0,-40.0,2.99
0.0,0.0,0.0,-0.38,-0.13,-0.13,0.0,0.0,-33.33,7.89
0.0,0.0,0.0,0.0,2.52,6.83,2.05,0.0,66.67,7.98
0.0,0.0,0.0,-3.53,3.66,0.0,0.0,-4.12,-66.67,1.63
1.7,9.7,0.0,1.52,1.5,0.0,0.0,0.0,0.0,3.38
0.0,0.0,0.0,-3.9,-1.84,-1.38,0.0,0.0,-22.22,7.88
0.0,0.0,0.0,0.0,0.0,6.0,1.64,2.34,0.0,12.68
0.0,-2.03,0.0,0.0,0.66,14.97,0.0,0.0,100.0,10.6
0.0,0.0,0.0,7.14,0.83,0.0,0.83,0.0,166.67,4.88
0.0,0.0,0.0,0.0,0.0,0.49,2.38,0.96,0.0,12.62
0.0,0.0,0.0,0.0,4.6,4.03,1.41,0.0,-58.33,2.88
0.0,0.0,0.0,0.0,0.96,7.51,0.88,0.0,0.0,12.57
0.0,0.0,0.0,0.0,0.68,0.68,0.34,0.34,0.0,2.99
0.0,0.0,0.0,-1.41,-0.2,0.0,-0.2,0.0,28.57,4.88
0.0,0.0,0.0,0.0,0.0,0.49,2.87,1.04,16.67,12.69
0.0,0.0,0.0,0.0,2.52,3.39,1.64,0.0,100.0,12.39
0.0,0.0,0.0,0.0,2.24,7.95,1.27,0.0,0.0,7.98
0.0,0.0,0.0,0.0,0.86,0.86,0.47,0.75,-100.0,10.74
0.0,0.0,0.0,0.0,0.73,0.36,0.72,0.0,100.0,13.93
0.0,0.0,0.0,0.0,0.0,5.96,-5.15,8.15,50.0,4.38
0.0,0.0,0.0,0.0,1.71,0.34,-1.67,0.0,-25.0,2.94
0.0,0.0,0.0,0.0,0.87,3.34,3.24,0.0,100.0,12.44
0.0,0.0,0.0,0.0,-2.94,3.03,-3.53,3.66,-57.14,1.7
0.0,-0.17,0.0,0.17,-0.67,0.67,0.17,0.0,0.36,6.01
0.0,0.0,0.0,-2.05,3.83,0.34,0.0,0.0,133.33,2.99
0.0,0.0,-0.38,-0.13,-0.13,0.0,0.0,0.0,200.0,7.89
0.0,0.0,0.0,2.52,6.83,2.05,0.0,0.0,-20.0,7.98
0.0,0.0,0.0,0.0,0.0,1.18,0.39,-0.77,11.11,12.82
0.0,0.0,-3.53,3.66,0.0,0.0,-4.12,4.29,-60.0,1.7
0.0,0.0,0.0,0.0,0.0,0.39,1.17,-1.55,500.0,12.72
9.7,0.0,1.52,1.5,0.0,0.0,0.0,0.0,150.0,3.38
0.0,0.0,-3.9,-1.84,-1.38,0.0,0.0,0.0,57.14,7.88
0.0,0.0,0.0,0.0,6.0,1.64,2.34,0.0,100.0,12.68
-2.03,0.0,0.0,0.66,14.97,0.0,0.0,0.0,-33.33,10.6
0.0,0.0,7.14,0.83,0.0,0.83,0.0,0.0,-62.5,4.88
0.0,0.0,0.0,0.0,0.49,2.38,0.96,0.0,33.33,12.62
0.0,0.0,0.0,4.6,4.03,1.41,0.0,0.0,160.0,2.88
0.0,0.0,0.0,0.96,7.51,0.88,0.0,0.0,300.0,12.57
0.0,0.0,0.0,0.68,0.68,0.34,0.34,0.0,100.0,2.99
0.0,0.0,-1.41,-0.2,0.0,-0.2,0.0,0.0,-22.22,4.88
0.0,0.0,0.0,0.0,0.49,2.87,1.04,0.0,14.29,12.69
0.0,0.0,0.0,2.52,3.39,1.64,0.0,0.81,-100.0,12.49
0.0,0.0,0.0,2.24,7.95,1.27,0.0,0.0,40.0,7.98
0.0,0.0,0.0,0.0,0.0,-3.53,-0.61,4.29,-40.0,1.7
0.0,0.0,0.0,0.73,0.36,0.72,0.0,0.0,100.0,13.93
0.0,0.0,0.0,0.0,5.96,-5.15,8.15,0.0,-33.33,4.38
0.0,0.0,0.0,1.71,0.34,-1.67,0.0,1.7,100.0,2.99
0.0,0.0,0.0,0.0,0.0,1.87,3.67,0.88,-44.44,1.14
0.0,0.0,0.0,0.87,3.34,3.24,0.0,0.0,200.0,12.44
0.0,0.0,0.0,-2.94,3.03,-3.53,3.66,0.0,66.67,1.7
-0.17,0.0,0.17,-0.67,0.67,0.17,0.0,0.17,0.18,6.02
0.0,0.0,-2.05,3.83,0.34,0.0,0.0,0.0,14.29,2.99
0.0,-0.38,-0.13,-0.13,0.0,0.0,0.0,0.0,-66.67,7.89
0.0,-0.52,0.0,3.39,3.27,0.81,0.0,0.81,100.0,12.5
0.0,0.0,2.52,6.83,2.05,0.0,0.0,0.0,75.0,7.98
0.0,0.0,0.0,0.0,1.18,0.39,-0.77,-0.39,0.0,12.77
0.0,-3.53,3.66,0.0,0.0,-4.12,4.29,0.0,150.0,1.7
0.0,-1.35,1.37,0.0,0.0,0.0,0.0,0.34,100.0,29.67
0.0,0.0,0.0,0.0,0.39,1.17,-1.55,0.0,-16.67,12.72
0.0,-3.9,-1.84,-1.38,0.0,0.0,0.0,0.0,18.18,7.88
0.0,0.0,0.0,6.0,1.64,2.34,0.0,0.0,0.0,12.68
0.0,7.14,0.83,0.0,0.83,0.0,0.0,0.0,133.33,4.88
0.0,0.0,0.0,0.49,2.38,0.96,0.0,0.0,-75.0,12.62
0.0,0.0,4.6,4.03,1.41,0.0,0.0,0.0,-7.69,2.88
0.0,0.0,0.96,7.51,0.88,0.0,0.0,0.0,-100.0,12.57
0.0,0.0,0.0,0.0,0.48,0.0,0.86,1.32,100.0,10.71
0.0,0.0,0.68,0.68,0.34,0.34,0.0,0.0,-50.0,2.99
0.0,-1.41,-0.2,0.0,-0.2,0.0,0.0,0.0,-71.43,4.88
0.0,0.0,0.0,0.49,2.87,1.04,0.0,0.0,0.0,12.69
0.0,0.0,2.52,3.39,1.64,0.0,0.81,0.0,100.0,12.49
0.0,0.0,2.24,7.95,1.27,0.0,0.0,0.0,-28.57,7.98
0.0,0.0,0.0,0.0,-3.53,-0.61,4.29,0.0,200.0,1.7
0.0,0.0,0.86,0.86,0.47,0.75,0.37,0.46,100.0,10.83
0.0,0.0,0.73,0.36,0.72,0.0,0.0,0.36,-62.5,13.98
0.0,0.0,0.0,5.96,-5.15,8.15,0.0,0.0,150.0,4.38
0.0,0.0,1.71,0.34,-1.67,0.0,1.7,0.0,-33.33,2.99
0.0,0.0,0.0,0.0,1.87,3.67,0.88,0.0,80.0,1.14
0.0,0.0,0.87,3.34,3.24,0.0,0.0,0.0,-100.0,12.44
0.0,0.0,-2.94,3.03,-3.53,3.66,0.0,0.0,0.0,1.7
0.0,0.17,-0.67,0.67,0.17,0.0,0.17,0.0,-9.48,6.02
0.0,-2.05,3.83,0.34,0.0,0.0,0.0,0.0,-50.0,2.99
-0.38,-0.13,-0.13,0.0,0.0,0.0,0.0,0.0,0.0,7.89
-0.52,0.0,3.39,3.27,0.81,0.0,0.81,0.0,0.0,12.5
0.0,2.52,6.83,2.05,0.0,0.0,0.0,0.0,42.86,7.98
0.0,0.0,0.0,1.18,0.39,-0.77,-0.39,0.0,-10.0,12.77
-3.53,3.66,0.0,0.0,-4.12,4.29,0.0,0.0,20.0,1.7
-1.35,1.37,0.0,0.0,0.0,0.0,0.34,0.67,-50.0,29.87
0.0,0.0,0.0,0.39,1.17,-1.55,0.0,0.0,80.0,12.72
7.17,1.75,0.0,0.0,0.0,0.0,0.0,-1.41,63.64,12.6
-3.9,-1.84,-1.38,0.0,0.0,0.0,0.0,0.0,0.0,7.88
0.0,0.0,6.0,1.64,2.34,0.0,0.0,0.0,-50.0,12.68
7.14,0.83,0.0,0.83,0.0,0.0,0.0,0.0,-57.14,4.88
0.0,0.0,0.49,2.38,0.96,0.0,0.0,0.0,400.0,12.62
0.0,4.6,4.03,1.41,0.0,0.0,0.0,0.0,-58.33,2.88
0.0,0.96,7.51,0.88,0.0,0.0,0.0,0.0,100.0,12.57
0.0,0.0,0.0,0.48,0.0,0.86,1.32,1.12,-50.0,10.83
0.0,0.68,0.68,0.34,0.34,0.0,0.0,0.0,100.0,2.99
-1.41,-0.2,0.0,-0.2,0.0,0.0,0.0,0.0,150.0,4.88
0.0,0.0,0.49,2.87,1.04,0.0,0.0,0.0,-37.5,12.69
0.0,2.52,3.39,1.64,0.0,0.81,0.0,0.0,100.0,12.49
0.0,2.24,7.95,1.27,0.0,0.0,0.0,0.0,40.0,7.98
0.0,0.0,0.0,-3.53,-0.61,4.29,0.0,0.0,-88.89,1.7
0.0,0.86,0.86,0.47,0.75,0.37,0.46,0.0,-60.0,10.83
0.0,0.73,0.36,0.72,0.0,0.0,0.36,0.0,0.0,13.98
0.0,0.0,5.96,-5.15,8.15,0.0,0.0,0.0,-40.0,4.38
0.0,1.71,0.34,-1.67,0.0,1.7,0.0,0.0,50.0,2.99
0.0,0.0,0.0,1.87,3.67,0.88,0.0,0.0,-66.67,1.14
0.0,0.87,3.34,3.24,0.0,0.0,0.0,0.0,100.0,12.44
0.0,-2.94,3.03,-3.53,3.66,0.0,0.0,0.0,0.0,1.7
0.17,-0.67,0.67,0.17,0.0,0.17,0.0,0.0,12.45,6.02
-2.05,3.83,0.34,0.0,0.0,0.0,0.0,0.0,0.0,2.99
0.0,3.39,3.27,0.81,0.0,0.81,0.0,0.0,-50.0,12.5
2.52,6.83,2.05,0.0,0.0,0.0,0.0,0.0,-10.0,7.98
0.0,0.0,1.18,0.39,-0.77,-0.39,0.0,0.55,0.0,12.84
0.0,0.0,0.79,1.25,0.0,0.0,0.0,-1.62,-42.86,12.77
3.66,0.0,0.0,-4.12,4.29,0.0,0.0,1.18,-16.67,1.72
1.37,0.0,0.0,0.0,0.0,0.34,0.67,-0.3,0.0,29.78
0.0,0.0,0.39,1.17,-1.55,0.0,0.0,0.0,-22.22,12.72
1.75,0.0,0.0,0.0,0.0,0.0,-1.41,1.43,-5.56,12.78
0.0,0.0,0.0,0.0,0.0,0.26,0.26,1.24,0.0,19.66
0.0,6.0,1.64,2.34,0.0,0.0,0.0,0.0,200.0,12.68
0.0,0.49,2.38,0.96,0.0,0.0,0.0,0.0,0.0,12.62
4.6,4.03,1.41,0.0,0.0,0.0,0.0,0.0,340.0,2.88
0.0,0.0,0.0,0.0,0.0,-1.54,-0.63,2.21,-28.57,3.24
0.0,0.0,0.0,0.0,0.0,0.26,0.52,0.51,-50.0,19.57
0.96,7.51,0.88,0.0,0.0,0.0,0.0,0.0,-33.33,12.57
0.0,0.0,0.48,0.0,0.86,1.32,1.12,-0.74,100.0,10.75
0.0,0.0,0.0,0.0,0.0,0.34,1.72,0.66,60.0,30.38
0.68,0.68,0.34,0.34,0.0,0.0,0.0,0.0,-100.0,2.99
0.0,0.49,2.87,1.04,0.0,0.0,0.0,0.0,20.0,12.69
2.52,3.39,1.64,0.0,0.81,0.0,0.0,0.0,-50.0,12.49
0.0,0.0,0.41,1.37,0.0,0.0,0.0,0.4,-20.0,12.6
2.24,7.95,1.27,0.0,0.0,0.0,0.0,0.0,57.14,7.98
0.0,0.0,-3.53,-0.61,4.29,0.0,0.0,0.0,400.0,1.7
0.86,0.86,0.47,0.75,0.37,0.46,0.0,-0.74,50.0,10.75
0.73,0.36,0.72,0.0,0.0,0.36,0.0,0.0,0.0,13.98
0.0,0.0,0.0,0.0,0.0,-2.54,3.93,0.72,0.0,19.71
0.0,5.96,-5.15,8.15,0.0,0.0,0.0,0.0,-16.67,4.38
0.0,0.0,0.0,0.0,0.0,0.68,1.04,-0.66,100.0,29.88
1.71,0.34,-1.67,0.0,1.7,0.0,0.0,0.0,116.67,2.99
0.0,0.0,1.87,3.67,0.88,0.0,0.0,0.0,266.67,1.14
0.87,3.34,3.24,0.0,0.0,0.0,0.0,0.0,200.0,12.44
-2.94,3.03,-3.53,3.66,0.0,0.0,0.0,0.0,20.0,1.7
-0.67,0.67,0.17,0.0,0.17,0.0,0.0,0.5,-7.03,6.05
3.39,3.27,0.81,0.0,0.81,0.0,0.0,0.0,100.0,12.5
0.0,1.18,0.39,-0.77,-0.39,0.0,0.55,1.48,-22.22,13.03
0.0,0.79,1.25,0.0,0.0,0.0,-1.62,2.04,75.0,13.03
0.0,0.0,-4.12,4.29,0.0,0.0,1.18,0.58,140.0,1.73
0.0,0.0,0.0,0.0,0.34,0.67,-0.3,0.67,100.0,29.98
0.0,0.39,1.17,-1.55,0.0,0.0,0.0,2.04,-7.14,12.98
0.0,0.0,0.0,0.0,0.26,0.26,1.24,1.48,-66.67,19.95
6.0,1.64,2.34,0.0,0.0,0.0,0.0,0.0,-100.0,12.68
0.49,2.38,0.96,0.0,0.0,0.0,0.0,0.0,-100.0,12.62
0.0,0.0,0.0,0.0,-1.54,-0.63,2.21,0.0,50.0,3.24
0.0,0.0,0.0,0.0,0.26,0.52,0.51,1.43,50.0,19.85
0.0,0.56,1.11,0.0,0.0,0.0,0.0,2.01,-33.33,5.58
0.0,0.0,-4.12,4.29,0.0,0.0,0.0,2.35,-63.16,1.74
0.0,0.48,0.0,0.86,1.32,1.12,-0.74,0.0,16.67,10.75
-3.53,3.66,0.0,0.0,0.0,0.0,0.0,1.18,400.0,1.72
0.0,0.0,0.0,0.0,0.34,1.72,0.66,-0.33,-37.5,30.28
0.68,0.34,0.34,0.0,0.0,0.0,0.0,0.0,100.0,2.99
0.0,0.0,0.0,0.0,0.0,-1.01,-3.06,-1.05,-100.0,0.94
0.49,2.87,1.04,0.0,0.0,0.0,0.0,0.0,16.67,12.69
3.39,1.64,0.0,0.81,0.0,0.0,0.0,0.0,100.0,12.49
0.0,0.41,1.37,0.0,0.0,0.0,0.4,0.71,50.0,12.69
0.0,-3.53,-0.61,4.29,0.0,0.0,0.0,1.76,-20.0,1.73
0.86,0.47,0.75,0.37,0.46,0.0,-0.74,0.0,166.67,10.75
0.36,0.72,0.0,0.0,0.36,0.0,0.0,0.0,-33.33,13.98
0.0,0.0,0.0,0.0,-2.54,3.93,0.72,1.47,150.0,20.0
5.96,-5.15,8.15,0.0,0.0,0.0,0.0,0.0,-20.0,4.38
0.0,0.0,0.0,0.0,0.68,1.04,-0.66,0.33,-100.0,29.98
0.34,-1.67,0.0,1.7,0.0,0.0,0.0,0.0,-46.15,2.99
0.0,1.87,3.67,0.88,0.0,0.0,0.0,0.0,9.09,1.14
3.03,-3.53,3.66,0.0,0.0,0.0,0.0,2.35,-83.33,1.74
0.67,0.17,0.0,0.17,0.0,0.0,0.5,0.17,4.35,6.06
3.27,0.81,0.0,0.81,0.0,0.0,0.0,0.0,-50.0,12.5
1.18,0.39,-0.77,-0.39,0.0,0.55,1.48,0.0,-28.57,13.03
0.79,1.25,0.0,0.0,0.0,-1.62,2.04,0.0,-57.14,13.03
0.0,-4.12,4.29,0.0,0.0,1.18,0.58,0.0,8.33,1.73
0.0,0.0,0.0,0.34,0.67,-0.3,0.67,0.33,50.0,30.08
0.39,1.17,-1.55,0.0,0.0,0.0,2.04,0.0,-7.69,12.98
0.0,0.0,0.0,0.26,0.26,1.24,1.48,0.25,100.0,20.0
0.0,0.0,0.0,-1.54,-0.63,2.21,0.0,0.0,-46.67,3.24
0.0,0.0,0.0,0.26,0.52,0.51,1.43,0.76,33.33,20.0
0.56,1.11,0.0,0.0,0.0,0.0,2.01,0.54,-30.0,5.61
0.0,-4.12,4.29,0.0,0.0,0.0,2.35,0.0,214.29,1.74
0.48,0.0,0.86,1.32,1.12,-0.74,0.0,0.0,85.71,10.75
3.66,0.0,0.0,0.0,0.0,0.0,1.18,1.16,-30.0,1.74
0.0,0.0,0.0,0.34,1.72,0.66,-0.33,-0.33,0.0,30.18
0.0,0.0,0.0,0.0,-1.01,-3.06,-1.05,0.0,100.0,0.94
0.41,1.37,0.0,0.0,0.0,0.4,0.71,0.0,-33.33,12.69
-3.53,-0.61,4.29,0.0,0.0,0.0,1.76,0.0,100.0,1.73
0.47,0.75,0.37,0.46,0.0,-0.74,0.0,0.0,-12.5,10.75
0.0,0.0,0.0,0.0,-2.43,0.0,2.49,-2.56,-100.0,14.83
0.0,0.0,0.0,-2.54,3.93,0.72,1.47,0.0,0.0,20.0
0.0,0.0,0.0,-5.26,0.0,0.0,-5.56,5.88,-100.0,0.54
1.87,3.67,0.88,0.0,0.0,0.0,0.0,0.0,58.33,1.14
-3.53,3.66,0.0,0.0,0.0,0.0,2.35,0.0,500.0,1.74
0.17,0.0,0.17,0.0,0.0,0.5,0.17,-0.17,-9.78,6.05
0.39,-0.77,-0.39,0.0,0.55,1.48,0.0,0.0,14.29,13.03
1.25,0.0,0.0,0.0,-1.62,2.04,0.0,0.0,20.0,13.03
-4.12,4.29,0.0,0.0,1.18,0.58,0.0,0.0,-50.0,1.73
0.0,0.0,0.34,0.67,-0.3,0.67,0.33,0.33,0.0,30.18
1.17,-1.55,0.0,0.0,0.0,2.04,0.0,0.0,12.5,12.98
0.0,0.0,0.26,0.26,1.24,1.48,0.25,0.0,300.0,20.0
0.0,0.0,0.0,0.0,0.0,-0.87,-2.62,-0.9,-28.57,11.03
0.0,0.0,-1.54,-0.63,2.21,0.0,0.0,0.0,100.0,3.24
0.0,0.0,0.26,0.52,0.51,1.43,0.76,0.0,-28.57,20.0
1.11,0.0,0.0,0.0,0.0,2.01,0.54,0.0,0.0,5.61
-4.12,4.29,0.0,0.0,0.0,2.35,0.0,0.0,50.0,1.74
0.0,0.86,1.32,1.12,-0.74,0.0,0.0,0.0,11.11,10.75
0.0,0.0,0.34,1.72,0.66,-0.33,-0.33,0.0,-75.0,30.18
0.0,0.0,0.0,-1.01,-3.06,-1.05,0.0,0.0,100.0,0.94
1.37,0.0,0.0,0.0,0.4,0.71,0.0,0.0,-60.0,12.69
-0.61,4.29,0.0,0.0,0.0,1.76,0.0,0.0,-77.78,1.73
0.75,0.37,0.46,0.0,-0.74,0.0,0.0,0.0,85.71,10.75
0.0,0.0,0.0,-2.43,0.0,2.49,-2.56,-0.34,14.29,14.78
0.0,0.0,-2.54,3.93,0.72,1.47,0.0,0.0,-66.67,20.0
0.0,0.0,0.68,1.04,-0.66,0.33,0.33,0.33,-85.71,30.18
0.0,0.17,0.0,0.0,0.5,0.17,-0.17,0.0,9.82,6.05
-0.77,-0.39,0.0,0.55,1.48,0.0,0.0,0.0,25.0,13.03
4.29,0.0,0.0,1.18,0.58,0.0,0.0,0.0,0.0,1.73
0.0,0.34,0.67,-0.3,0.67,0.33,0.33,0.0,-100.0,30.18
0.0,0.26,0.26,1.24,1.48,0.25,0.0,0.0,-75.0,20.0
0.0,0.0,0.0,0.0,-0.87,-2.62,-0.9,0.0,40.0,11.03
0.0,-1.54,-0.63,2.21,0.0,0.0,0.0,0.0,100.0,3.24
0.0,0.26,0.52,0.51,1.43,0.76,0.0,0.0,-40.0,20.0
0.86,1.32,1.12,-0.74,0.0,0.0,0.0,0.0,-20.0,10.75
0.0,0.34,1.72,0.66,-0.33,-0.33,0.0,0.0,300.0,30.18
0.0,0.0,-8.05,8.75,0.0,0.0,0.0,-8.05,150.0,4.57
0.0,0.0,-1.01,-3.06,-1.05,0.0,0.0,0.0,-25.0,0.94
0.37,0.46,0.0,-0.74,0.0,0.0,0.0,0.0,-46.15,10.75
0.0,0.0,-2.43,0.0,2.49,-2.56,-0.34,0.0,50.0,14.78
0.0,0.0,0.0,0.0,0.0,0.39,-0.39,-0.33,-28.57,15.17
0.0,-2.54,3.93,0.72,1.47,0.0,0.0,0.0,500.0,20.0
0.0,0.68,1.04,-0.66,0.33,0.33,0.33,0.0,400.0,30.18
0.17,0.0,0.0,0.5,0.17,-0.17,0.0,0.0,-3.25,6.05
-0.39,0.0,0.55,1.48,0.0,0.0,0.0,0.0,-10.0,13.03
0.0,0.0,1.18,0.58,0.0,0.0,0.0,0.58,-20.0,1.74
0.34,0.67,-0.3,0.67,0.33,0.33,0.0,0.0,100.0,30.18
0.0,0.0,0.0,0.0,0.0,0.06,0.29,0.11,0.0,17.46
0.26,0.26,1.24,1.48,0.25,0.0,0.0,0.0,-100.0,20.0
0.0,0.0,0.0,0.0,-3.04,-1.34,0.0,-0.45,-11.11,10.98
0.0,0.0,0.0,-0.87,-2.62,-0.9,0.0,0.0,-14.29,11.03
-1.54,-0.63,2.21,0.0,0.0,0.0,0.0,-0.31,50.0,3.23
0.26,0.52,0.51,1.43,0.76,0.0,0.0,0.0,33.33,20.0
1.32,1.12,-0.74,0.0,0.0,0.0,0.0,0.0,0.0,10.75
0.34,1.72,0.66,-0.33,-0.33,0.0,0.0,0.0,25.0,30.18
0.0,0.0,0.0,0.0,0.0,0.69,0.43,1.03,-39.13,11.8
0.0,-8.05,8.75,0.0,0.0,0.0,-8.05,8.75,-60.0,4.97
0.0,-1.01,-3.06,-1.05,0.0,0.0,0.0,0.0,-100.0,0.94
0.0,-2.43,0.0,2.49,-2.56,-0.34,0.0,0.0,-50.0,14.78
0.0,0.0,0.0,0.0,0.39,-0.39,-0.33,-2.57,120.0,14.78
-2.54,3.93,0.72,1.47,0.0,0.0,0.0,0.0,-50.0,20.0
0.68,1.04,-0.66,0.33,0.33,0.33,0.0,0.0,-20.0,30.18
0.0,0.0,0.5,0.17,-0.17,0.0,0.0,0.0,1.89,6.05
0.0,0.0,0.0,0.0,0.0,1.39,1.12,0.34,-33.33,11.8
0.0,0.0,0.0,0.0,0.0,2.67,3.12,0.51,16.67,3.98
0.0,1.18,0.58,0.0,0.0,0.0,0.58,0.0,25.0,1.74
0.67,-0.3,0.67,0.33,0.33,0.0,0.0,0.0,0.0,30.18
0.0,0.0,0.0,0.0,0.06,0.29,0.11,0.0,200.0,17.46
0.0,0.0,0.0,-3.04,-1.34,0.0,-0.45,0.0,0.0,10.98
0.0,0.0,-0.87,-2.62,-0.9,0.0,0.0,0.0,16.67,11.03
-0.63,2.21,0.0,0.0,0.0,0.0,-0.31,0.0,-66.67,3.23
0.52,0.51,1.43,0.76,0.0,0.0,0.0,0.0,-25.0,20.0
0.0,0.0,0.0,0.0,0.0,0.37,1.48,-0.91,-100.0,5.43
0.0,0.0,0.0,0.0,0.0,0.29,1.17,0.58,0.0,3.49
0.0,0.0,1.6,0.0,0.0,0.0,1.57,7.36,-38.1,2.77
0.0,0.0,0.0,0.0,0.0,1.15,3.02,1.1,100.0,2.76
1.72,0.66,-0.33,-0.33,0.0,0.0,0.0,0.0,60.0,30.18
0.0,0.0,0.0,0.0,0.69,0.43,1.03,0.0,64.29,11.8
-8.05,8.75,0.0,0.0,0.0,-8.05,8.75,0.0,0.0,4.97
-1.01,-3.06,-1.05,0.0,0.0,0.0,0.0,0.0,100.0,0.94
-2.43,0.0,2.49,-2.56,-0.34,0.0,0.0,0.0,-66.67,14.78
0.0,0.0,0.0,0.39,-0.39,-0.33,-2.57,0.0,-54.55,14.78
3.93,0.72,1.47,0.0,0.0,0.0,0.0,0.0,-33.33,20.0
1.04,-0.66,0.33,0.33,0.33,0.0,0.0,0.0,0.0,30.18
0.0,0.5,0.17,-0.17,0.0,0.0,0.0,0.17,-6.6,6.06
0.0,0.0,0.0,0.0,1.39,1.12,0.34,0.0,75.0,11.8
0.0,0.0,0.0,0.0,2.67,3.12,0.51,0.0,28.57,3.98
0.0,0.77,0.0,0.0,0.0,0.0,2.79,10.0,12.5,8.91
1.18,0.58,0.0,0.0,0.0,0.58,0.0,0.0,-40.0,1.74
0.0,0.77,0.0,0.0,0.0,0.0,0.89,12.08,137.5,8.91
-0.3,0.67,0.33,0.33,0.0,0.0,0.0,0.0,-33.33,30.18
0.0,0.0,0.0,0.06,0.29,0.11,0.0,0.06,0.0,17.47
1.24,1.48,0.25,0.0,0.0,0.0,0.0,0.0,100.0,20.0
0.0,0.0,-3.04,-1.34,0.0,-0.45,0.0,0.0,62.5,10.98
0.0,-0.87,-2.62,-0.9,0.0,0.0,0.0,0.0,42.86,11.03
2.21,0.0,0.0,0.0,0.0,-0.31,0.0,0.31,-100.0,3.24
0.51,1.43,0.76,0.0,0.0,0.0,0.0,0.0,33.33,20.0
0.0,0.0,0.0,0.0,0.29,1.17,0.58,0.29,0.0,3.5
0.0,1.6,0.0,0.0,0.0,1.57,7.36,-1.44,-30.77,2.73
0.0,0.0,0.0,0.0,1.15,3.02,1.1,0.0,-100.0,2.76
0.66,-0.33,-0.33,0.0,0.0,0.0,0.0,0.0,-25.0,30.18
0.0,0.0,0.0,0.69,0.43,1.03,0.0,0.34,47.83,11.84
8.75,0.0,0.0,0.0,-8.05,8.75,0.0,0.0,0.0,4.97
0.0,2.49,-2.56,-0.34,0.0,0.0,0.0,0.0,100.0,14.78
0.0,0.0,0.39,-0.39,-0.33,-2.57,0.0,0.0,-20.0,14.78
0.0,0.77,0.0,0.0,0.0,0.0,3.3,9.46,50.0,8.91
-0.66,0.33,0.33,0.33,0.0,0.0,0.0,0.0,0.0,30.18
0.5,0.17,-0.17,0.0,0.0,0.0,0.17,0.0,11.04,6.06
0.0,0.0,0.0,1.39,1.12,0.34,0.0,0.34,14.29,11.84
0.0,0.0,0.0,2.67,3.12,0.51,0.0,0.0,-77.78,3.98
0.77,0.0,0.0,0.0,0.0,2.79,10.0,0.0,-11.11,8.91
0.77,0.0,0.0,0.0,0.0,0.89,12.08,0.0,-31.58,8.91
0.67,0.33,0.33,0.0,0.0,0.0,0.0,0.0,-50.0,30.18
0.0,0.0,0.06,0.29,0.11,0.0,0.06,0.0,0.0,17.47
0.0,0.0,0.0,0.0,0.0,0.44,2.63,0.43,100.0,2.35
0.0,-3.04,-1.34,0.0,-0.45,0.0,0.0,0.0,-23.08,10.98
9.54,0.0,0.0,0.0,0.0,0.0,0.38,2.64,0.0,2.72
-0.87,-2.62,-0.9,0.0,0.0,0.0,0.0,0.0,-20.0,11.03
0.0,0.0,0.0,0.37,1.48,-0.91,0.0,0.37,100.0,5.45
0.0,0.0,0.0,0.0,0.0,1.01,5.98,0.63,-100.0,3.21
0.0,0.0,0.0,0.29,1.17,0.58,0.29,0.0,0.0,3.5
1.6,0.0,0.0,0.0,1.57,7.36,-1.44,0.0,22.22,2.73
0.0,0.0,0.0,1.15,3.02,1.1,0.0,0.0,100.0,2.76
0.0,0.0,0.69,0.43,1.03,0.0,0.34,0.0,-2.94,11.84
2.49,-2.56,-0.34,0.0,0.0,0.0,0.0,0.0,-50.0,14.78
0.0,0.39,-0.39,-0.33,-2.57,0.0,0.0,0.0,-50.0,14.78
0.77,0.0,0.0,0.0,0.0,3.3,9.46,0.0,-55.56,8.91
0.33,0.33,0.33,0.0,0.0,0.0,0.0,0.0,25.0,30.18
1.76,0.58,0.0,0.0,0.0,0.0,0.0,-1.72,-33.33,1.71
0.17,-0.17,0.0,0.0,0.0,0.17,0.0,-0.5,-7.95,6.03
0.0,0.0,1.39,1.12,0.34,0.0,0.34,0.0,-50.0,11.84
0.0,0.0,2.67,3.12,0.51,0.0,0.0,0.0,50.0,3.98
0.0,0.0,0.0,0.0,0.0,1.46,1.08,0.71,100.0,2.83
0.0,0.06,0.29,0.11,0.0,0.06,0.0,0.06,33.33,17.48
0.0,0.0,0.0,0.0,0.44,2.63,0.43,0.0,0.0,2.35
-3.04,-1.34,0.0,-0.45,0.0,0.0,0.0,0.0,-80.0,10.98
0.0,0.0,0.0,0.0,0.0,0.47,0.75,0.19,100.0,10.75
0.0,0.0,0.0,0.0,0.0,0.38,2.64,0.37,-14.29,2.73
0.0,0.0,0.37,1.48,-0.91,0.0,0.37,0.0,0.0,5.45
0.0,0.0,0.0,0.0,1.01,5.98,0.63,0.93,100.0,3.24
0.0,0.0,0.29,1.17,0.58,0.29,0.0,0.0,0.0,3.5
0.0,0.0,0.0,1.57,7.36,-1.44,0.0,1.47,36.36,2.77
0.0,0.0,1.15,3.02,1.1,0.0,0.0,0.0,-100.0,2.76
0.0,0.69,0.43,1.03,0.0,0.34,0.0,0.34,9.09,11.88
-2.56,-0.34,0.0,0.0,0.0,0.0,0.0,-0.41,150.0,14.72
0.39,-0.39,-0.33,-2.57,0.0,0.0,0.0,-0.41,250.0,14.72
0.58,0.0,0.0,0.0,0.0,0.0,-1.72,1.75,175.0,1.74
-0.17,0.0,0.0,0.0,0.17,0.0,-0.5,0.17,3.02,6.04
0.0,0.0,0.58,0.0,0.0,0.0,-0.57,0.58,0.0,1.74
0.0,1.39,1.12,0.34,0.0,0.34,0.0,0.0,-75.0,11.84
0.0,2.67,3.12,0.51,0.0,0.0,0.0,0.0,0.0,3.98
0.0,0.0,0.0,0.0,1.46,1.08,0.71,0.0,-50.0,2.83
0.0,0.0,0.0,0.0,0.0,0.58,4.05,1.48,-100.0,5.47
0.06,0.29,0.11,0.0,0.06,0.0,0.06,0.0,-75.0,17.48
0.0,0.0,0.0,0.44,2.63,0.43,0.0,0.0,0.0,2.35
0.0,0.0,0.0,0.0,0.47,0.75,0.19,0.0,-33.33,10.75
0.0,0.0,0.0,0.0,0.38,2.64,0.37,0.0,16.67,2.73
0.0,0.0,0.0,0.0,0.0,3.0,13.33,0.55,0.0,5.47
0.0,0.37,1.48,-0.91,0.0,0.37,0.0,3.3,-100.0,5.63
0.0,0.0,0.0,1.01,5.98,0.63,0.93,0.0,0.0,3.24
0.0,0.29,1.17,0.58,0.29,0.0,0.0,0.57,0.0,3.52
0.0,0.0,1.57,7.36,-1.44,0.0,1.47,0.0,13.33,2.77
0.69,0.43,1.03,0.0,0.34,0.0,0.34,0.0,19.44,11.88
-0.39,-0.33,-2.57,0.0,0.0,0.0,-0.41,0.0,0.0,14.72
0.0,0.0,0.0,0.17,0.0,-0.5,0.17,0.0,3.56,6.04
0.0,0.58,0.0,0.0,0.0,-0.57,0.58,0.0,-7.69,1.74
1.39,1.12,0.34,0.0,0.34,0.0,0.0,0.0,300.0,11.84
2.67,3.12,0.51,0.0,0.0,0.0,0.0,0.0,66.67,3.98
0.0,0.0,0.0,1.46,1.08,0.71,0.0,0.0,-50.0,2.83
0.29,0.11,0.0,0.06,0.0,0.06,0.0,0.0,-100.0,17.48
0.0,0.0,0.44,2.63,0.43,0.0,0.0,0.85,-100.0,2.37
0.0,0.0,0.0,0.47,0.75,0.19,0.0,0.0,250.0,10.75
0.0,0.0,0.0,0.38,2.64,0.37,0.0,0.0,0.0,2.73
0.0,0.0,0.0,0.0,3.0,13.33,0.55,0.0,-100.0,5.47
0.0,0.0,1.01,5.98,0.63,0.93,0.0,0.0,-50.0,3.24
0.29,1.17,0.58,0.29,0.0,0.0,0.57,0.0,-100.0,3.52
0.0,1.57,7.36,-1.44,0.0,1.47,0.0,0.0,-23.53,2.77
0.43,1.03,0.0,0.34,0.0,0.34,0.0,0.0,-11.63,11.88
-0.33,-2.57,0.0,0.0,0.0,-0.41,0.0,0.0,-14.29,14.72
0.0,0.0,0.17,0.0,-0.5,0.17,0.0,0.0,7.49,6.04
0.58,0.0,0.0,0.0,-0.57,0.58,0.0,0.0,-58.33,1.74
1.12,0.34,0.0,0.34,0.0,0.0,0.0,0.0,50.0,11.84
0.0,0.0,1.46,1.08,0.71,0.0,0.0,0.0,-100.0,2.83
0.0,0.0,0.47,0.75,0.19,0.0,0.0,0.0,-42.86,10.75
0.0,0.0,0.38,2.64,0.37,0.0,0.0,0.0,-14.29,2.73
0.0,0.0,0.0,3.0,13.33,0.55,0.0,0.0,100.0,5.47
0.0,0.0,0.0,0.0,0.0,1.06,2.81,0.68,-20.0,2.95
1.48,-0.91,0.0,0.37,0.0,3.3,0.0,0.0,100.0,5.63
0.0,1.01,5.98,0.63,0.93,0.0,0.0,0.0,0.0,3.24
1.17,0.58,0.29,0.0,0.0,0.57,0.0,0.0,100.0,3.52
1.57,7.36,-1.44,0.0,1.47,0.0,0.0,0.0,46.15,2.77
1.03,0.0,0.34,0.0,0.34,0.0,0.0,0.0,36.84,11.88
0.0,0.0,0.0,0.0,0.0,12.32,8.23,5.07,0.0,4.56
0.0,0.17,0.0,-0.5,0.17,0.0,0.0,-0.17,5.65,6.03
0.0,1.46,1.08,0.71,0.0,0.0,0.0,0.0,100.0,2.83
0.44,2.63,0.43,0.0,0.0,0.85,0.42,0.0,100.0,2.38
0.0,0.47,0.75,0.19,0.0,0.0,0.0,0.0,25.0,10.75
0.0,0.38,2.64,0.37,0.0,0.0,0.0,0.0,16.67,2.73
0.0,0.0,3.0,13.33,0.55,0.0,0.0,0.0,-60.0,5.47
0.0,0.0,0.0,0.0,1.06,2.81,0.68,0.0,-12.5,2.95
-0.91,0.0,0.37,0.0,3.3,0.0,0.0,0.0,-100.0,5.63
1.01,5.98,0.63,0.93,0.0,0.0,0.0,0.0,100.0,3.24
0.58,0.29,0.0,0.0,0.57,0.0,0.0,0.28,-50.0,3.53
7.36,-1.44,0.0,1.47,0.0,0.0,0.0,0.0,-10.53,2.77
0.0,0.0,0.0,0.0,12.32,8.23,5.07,0.0,0.0,4.56
0.17,0.0,-0.5,0.17,0.0,0.0,-0.17,0.5,2.14,6.06
1.46,1.08,0.71,0.0,0.0,0.0,0.0,0.0,-50.0,2.83
0.0,0.58,4.05,1.48,0.0,0.0,0.0,0.0,100.0,5.47
2.63,0.43,0.0,0.0,0.85,0.42,0.0,0.0,-66.67,2.38
0.47,0.75,0.19,0.0,0.0,0.0,0.0,0.0,-40.0,10.75
0.38,2.64,0.37,0.0,0.0,0.0,0.0,0.0,-85.71,2.73
0.0,3.0,13.33,0.55,0.0,0.0,0.0,0.0,50.0,5.47
0.0,0.0,0.0,1.06,2.81,0.68,0.0,0.0,28.57,2.95
5.98,0.63,0.93,0.0,0.0,0.0,0.0,0.0,50.0,3.24
0.29,0.0,0.0,0.57,0.0,0.0,0.28,0.0,0.0,3.53
-1.44,0.0,1.47,0.0,0.0,0.0,0.0,1.08,-17.65,2.8
0.0,0.0,0.0,12.32,8.23,5.07,0.0,0.0,0.0,4.56
0.0,-0.5,0.17,0.0,0.0,-0.17,0.5,0.0,-4.54,6.06
0.58,4.05,1.48,0.0,0.0,0.0,0.0,0.0,100.0,5.47
0.43,0.0,0.0,0.85,0.42,0.0,0.0,0.0,-100.0,2.38
0.0,-0.57,0.58,0.0,0.0,0.0,0.0,-0.57,40.0,1.73
3.0,13.33,0.55,0.0,0.0,0.0,0.0,0.0,66.67,5.47
0.0,0.0,1.06,2.81,0.68,0.0,0.0,0.0,-11.11,2.95
0.37,0.0,3.3,0.0,0.0,0.0,0.0,0.36,100.0,5.65
0.0,0.0,12.32,8.23,5.07,0.0,0.0,0.0,0.0,4.56
-0.5,0.17,0.0,0.0,-0.17,0.5,0.0,0.5,2.56,6.09
-0.57,0.58,0.0,0.0,0.0,0.0,-0.57,0.58,21.43,1.74
0.0,1.06,2.81,0.68,0.0,0.0,0.0,0.0,0.0,2.95
0.0,12.32,8.23,5.07,0.0,0.0,0.0,0.0,0.0,4.56
0.0,0.0,0.0,0.0,0.0,1.28,1.9,1.87,-100.0,9.82
0.17,0.0,0.0,-0.17,0.5,0.0,0.5,0.16,2.67,6.1
0.58,0.0,0.0,0.0,0.0,-0.57,0.58,0.0,0.0,1.74
1.06,2.81,0.68,0.0,0.0,0.0,0.0,0.0,-37.5,2.95
12.32,8.23,5.07,0.0,0.0,0.0,0.0,0.0,-100.0,4.56
0.0,0.0,-0.17,0.5,0.0,0.5,0.16,0.0,-3.3,6.1
2.81,0.68,0.0,0.0,0.0,0.0,0.0,0.34,0.0,2.96
0.0,0.0,0.0,1.28,1.9,1.87,0.0,0.0,100.0,9.82
0.0,-0.17,0.5,0.0,0.5,0.16,0.0,2.46,-1.44,6.25
0.0,0.0,0.0,-0.86,0.87,0.0,0.0,2.37,100.0,9.51
0.0,0.0,1.28,1.9,1.87,0.0,0.0,0.0,0.0,9.82
-1.36,0.0,1.38,0.0,0.0,0.0,0.0,-1.36,0.0,9.45
-0.17,0.5,0.0,0.5,0.16,0.0,2.46,-0.32,-2.55,6.23
0.0,0.0,-0.57,0.58,0.0,0.0,0.0,-4.02,33.33,1.67
0.0,0.0,-0.86,0.87,0.0,0.0,2.37,0.0,150.0,9.51
0.0,0.0,-9.46,0.0,0.0,0.0,10.44,-8.05,0.0,4.57
0.0,1.28,1.9,1.87,0.0,0.0,0.0,0.0,-100.0,9.82
0.0,1.38,0.0,0.0,0.0,0.0,-1.36,-8.99,-22.22,8.6
0.5,0.0,0.5,0.16,0.0,2.46,-0.32,-0.32,9.91,6.21
0.0,0.0,0.0,-0.57,0.58,0.0,0.0,-1.72,-46.15,1.71
0.0,-0.57,0.58,0.0,0.0,0.0,-4.02,4.19,-37.5,1.74
0.0,-0.86,0.87,0.0,0.0,2.37,0.0,0.0,-40.0,9.51
0.0,-9.46,0.0,0.0,0.0,10.44,-8.05,0.0,0.0,4.57
1.28,1.9,1.87,0.0,0.0,0.0,0.0,0.61,100.0,9.88
1.38,0.0,0.0,0.0,0.0,-1.36,-8.99,-3.14,42.86,8.33
0.0,0.0,0.0,0.0,0.0,-1.72,1.75,-1.72,50.0,1.71
0.0,0.5,0.16,0.0,2.46,-0.32,-0.32,0.0,-1.02,6.21
0.0,0.0,-0.57,0.58,0.0,0.0,-1.72,1.75,14.29,1.74
-0.57,0.58,0.0,0.0,0.0,-4.02,4.19,0.0,30.0,1.74
-0.86,0.87,0.0,0.0,2.37,0.0,0.0,0.0,-66.67,9.51
-9.46,0.0,0.0,0.0,10.44,-8.05,0.0,0.0,0.0,4.57
1.9,1.87,0.0,0.0,0.0,0.0,0.61,0.0,-100.0,9.88
0.0,0.0,0.0,0.0,-1.36,-8.99,-3.14,0.0,-70.0,8.33
0.0,0.0,0.0,0.0,-1.72,1.75,-1.72,1.75,-33.33,1.74
0.5,0.16,0.0,2.46,-0.32,-0.32,0.0,0.16,-9.45,6.22
0.0,-0.57,0.58,0.0,0.0,-1.72,1.75,0.0,-87.5,1.74
0.58,0.0,0.0,0.0,-4.02,4.19,0.0,0.0,130.77,1.74
0.0,0.0,0.0,-1.36,-8.99,-3.14,0.0,0.0,100.0,8.33
0.0,0.0,0.0,-1.72,1.75,-1.72,1.75,0.0,133.33,1.74
0.16,0.0,2.46,-0.32,-0.32,0.0,0.16,0.0,6.83,6.22
-0.57,0.58,0.0,0.0,-1.72,1.75,0.0,0.0,0.0,1.74
0.0,0.0,0.0,0.0,-1.72,0.0,-1.75,3.57,-50.0,1.74
0.0,0.0,-1.36,-8.99,-3.14,0.0,0.0,0.0,16.67,8.33
0.0,0.0,-1.72,1.75,-1.72,1.75,0.0,0.0,-28.57,1.74
0.0,2.46,-0.32,-0.32,0.0,0.16,0.0,-0.96,1.07,6.16
0.58,0.0,0.0,-1.72,1.75,0.0,0.0,0.0,300.0,1.74
0.0,0.0,0.0,-1.72,0.0,-1.75,3.57,-3.45,50.0,1.68
0.0,-1.36,-8.99,-3.14,0.0,0.0,0.0,0.0,85.71,8.33
0.0,-1.72,1.75,-1.72,1.75,0.0,0.0,0.0,-50.0,1.74
2.46,-0.32,-0.32,0.0,0.16,0.0,-0.96,1.14,2.64,6.23
0.0,0.0,0.0,0.0,0.0,0.51,2.51,1.96,100.0,2.08
0.0,0.0,0.0,0.0,0.0,-1.72,-1.75,3.57,10.0,1.74
0.0,0.0,-1.72,0.0,-1.75,3.57,-3.45,3.57,16.67,1.74
-1.36,-8.99,-3.14,0.0,0.0,0.0,0.0,0.0,-38.46,8.33
-1.72,1.75,-1.72,1.75,0.0,0.0,0.0,0.0,120.0,1.74
-0.32,-0.32,0.0,0.16,0.0,-0.96,1.14,0.48,-5.82,6.26
0.0,0.0,0.0,0.0,0.51,2.51,1.96,0.48,-50.0,2.09
0.0,0.0,0.0,0.0,-1.72,-1.75,3.57,0.0,-45.45,1.74
0.0,-1.72,0.0,-1.75,3.57,-3.45,3.57,0.0,-14.29,1.74
0.0,0.0,0.0,0.0,1.81,4.44,0.0,0.85,100.0,3.56
1.75,-1.72,1.75,0.0,0.0,0.0,0.0,0.0,-54.55,1.74
-0.32,0.0,0.16,0.0,-0.96,1.14,0.48,0.8,6.18,6.31
0.0,0.0,0.0,0.51,2.51,1.96,0.48,0.0,200.0,2.09
0.0,0.0,0.0,-1.72,-1.75,3.57,0.0,0.0,33.33,1.74
0.0,0.0,0.0,0.0,0.0,-6.71,7.19,-6.71,-50.0,2.78
-1.72,0.0,-1.75,3.57,-3.45,3.57,0.0,0.0,16.67,1.74
0.0,0.0,0.0,1.81,4.44,0.0,0.85,0.0,-100.0,3.56
0.0,0.16,0.0,-0.96,1.14,0.48,0.8,-0.16,0.68,6.3
0.0,0.0,0.51,2.51,1.96,0.48,0.0,0.96,-100.0,2.11
0.0,0.0,0.0,0.0,0.0,-1.69,-1.15,1.16,-42.86,1.74
0.0,0.0,-1.72,-1.75,3.57,0.0,0.0,0.0,-100.0,1.74
0.0,0.0,0.0,0.0,-6.71,7.19,-6.71,7.19,0.0,2.98
0.0,-1.75,3.57,-3.45,3.57,0.0,0.0,0.0,71.43,1.74
0.0,0.0,1.81,4.44,0.0,0.85,0.0,0.84,100.0,3.59
0.16,0.0,-0.96,1.14,0.48,0.8,-0.16,-0.16,2.04,6.29
0.0,0.0,0.0,0.0,0.0,-5.53,-2.98,-3.64,100.0,8.46
0.0,0.0,0.0,0.0,-1.69,-1.15,1.16,0.0,125.0,1.74
0.0,-1.72,-1.75,3.57,0.0,0.0,0.0,0.0,100.0,1.74
0.0,0.0,0.0,-6.71,7.19,-6.71,7.19,0.0,-100.0,2.98
-1.75,3.57,-3.45,3.57,0.0,0.0,0.0,0.0,-25.0,1.74
0.0,1.81,4.44,0.0,0.85,0.0,0.84,0.0,-50.0,3.59
0.0,-0.96,1.14,0.48,0.8,-0.16,-0.16,0.0,-5.5,6.29
0.0,0.0,0.0,0.0,-5.53,-2.98,-3.64,0.0,100.0,8.46
0.51,2.51,1.96,0.48,0.0,0.96,0.0,0.0,100.0,2.11
0.0,0.0,0.0,-1.69,-1.15,1.16,0.0,0.0,-55.56,1.74
0.0,0.0,0.0,-2.3,2.35,0.0,0.0,-2.3,12.5,1.7
-1.72,-1.75,3.57,0.0,0.0,0.0,0.0,0.0,-83.33,1.74
0.0,0.0,-6.71,7.19,-6.71,7.19,0.0,0.0,100.0,2.98
3.57,-3.45,3.57,0.0,0.0,0.0,0.0,-2.3,0.0,1.7
1.81,4.44,0.0,0.85,0.0,0.84,0.0,0.0,-100.0,3.59
-0.96,1.14,0.48,0.8,-0.16,-0.16,0.0,0.0,0.35,6.29
0.0,0.0,0.0,-5.53,-2.98,-3.64,0.0,0.0,0.0,8.46
0.0,0.0,0.0,-1.39,1.41,0.0,0.0,1.39,120.0,0.73
2.51,1.96,0.48,0.0,0.96,0.0,0.0,0.0,-100.0,2.11
0.0,0.0,-1.69,-1.15,1.16,0.0,0.0,0.0,25.0,1.74
0.0,0.0,0.0,0.0,-3.14,0.81,0.0,0.5,33.33,20.0
0.0,0.0,-2.3,2.35,0.0,0.0,-2.3,2.35,22.22,1.74
0.0,-6.71,7.19,-6.71,7.19,0.0,0.0,0.0,-50.0,2.98
-3.45,3.57,0.0,0.0,0.0,0.0,-2.3,2.35,-11.11,1.74
4.44,0.0,0.85,0.0,0.84,0.0,0.0,0.0,100.0,3.59
1.14,0.48,0.8,-0.16,-0.16,0.0,0.0,0.0,-2.11,6.29
0.0,0.0,-5.53,-2.98,-3.64,0.0,0.0,0.0,0.0,8.46
0.0,0.0,-1.39,1.41,0.0,0.0,1.39,-1.37,16.67,0.72
1.96,0.48,0.0,0.96,0.0,0.0,0.0,0.0,100.0,2.11
0.0,-1.69,-1.15,1.16,0.0,0.0,0.0,0.0,-80.0,1.74
0.0,0.0,0.0,-3.14,0.81,0.0,0.5,-1.3,-75.0,19.74
0.0,-2.3,2.35,0.0,0.0,-2.3,2.35,0.0,-63.64,1.74
-6.71,7.19,-6.71,7.19,0.0,0.0,0.0,0.0,300.0,2.98
3.57,0.0,0.0,0.0,0.0,-2.3,2.35,0.0,-37.5,1.74
0.0,0.85,0.0,0.84,0.0,0.0,0.0,-4.18,100.0,3.44
0.48,0.8,-0.16,-0.16,0.0,0.0,0.0,0.0,15.8,6.29
0.0,-5.53,-2.98,-3.64,0.0,0.0,0.0,-1.54,50.0,8.33
0.0,-1.39,1.41,0.0,0.0,1.39,-1.37,1.39,-37.66,0.73
-3.47,0.0,-0.5,0.0,0.0,0.0,0.0,-0.25,-21.43,8.0
-1.69,-1.15,1.16,0.0,0.0,0.0,0.0,0.0,100.0,1.74
0.0,0.0,-3.14,0.81,0.0,0.5,-1.3,0.0,0.0,19.74
-2.3,2.35,0.0,0.0,-2.3,2.35,0.0,0.0,-75.0,1.74
7.19,-6.71,7.19,0.0,0.0,0.0,0.0,0.0,-50.0,2.98
0.85,0.0,0.84,0.0,0.0,0.0,-4.18,0.87,-50.0,3.47
0.8,-0.16,-0.16,0.0,0.0,0.0,0.0,0.0,-13.02,6.29
-5.53,-2.98,-3.64,0.0,0.0,0.0,-1.54,0.0,0.0,8.33
-1.39,1.41,0.0,0.0,1.39,-1.37,1.39,0.0,-10.42,0.73
0.0,-0.5,0.0,0.0,0.0,0.0,-0.25,-0.38,9.09,7.97
0.0,-3.14,0.81,0.0,0.5,-1.3,0.0,0.0,100.0,19.74
2.35,0.0,0.0,-2.3,2.35,0.0,0.0,0.0,600.0,1.74
0.0,0.84,0.0,0.0,0.0,-4.18,0.87,4.32,400.0,3.62
-0.16,-0.16,0.0,0.0,0.0,0.0,0.0,0.64,5.35,6.33
-2.98,-3.64,0.0,0.0,0.0,-1.54,0.0,0.0,-16.67,8.33
1.41,0.0,0.0,1.39,-1.37,1.39,0.0,0.0,-11.63,0.73
-0.5,0.0,0.0,0.0,0.0,-0.25,-0.38,0.0,-33.33,7.97
-3.14,0.81,0.0,0.5,-1.3,0.0,0.0,0.0,-50.0,19.74
0.84,0.0,0.0,0.0,-4.18,0.87,4.32,0.0,-80.0,3.62
-0.16,0.0,0.0,0.0,0.0,0.0,0.64,0.47,1.52,6.36
0.0,0.0,1.39,-1.37,1.39,0.0,0.0,0.0,-57.89,0.73
0.0,0.0,0.0,0.0,0.0,0.26,1.41,0.25,-50.0,7.94
0.81,0.0,0.5,-1.3,0.0,0.0,0.0,0.0,200.0,19.74
0.0,0.0,0.0,0.0,0.0,0.51,1.4,0.5,100.0,7.98
0.0,0.0,0.0,0.0,0.0,0.51,1.15,0.25,-33.33,7.94
0.0,0.0,0.0,-4.18,0.87,4.32,0.0,0.0,-100.0,3.62
0.0,1.39,-1.37,1.39,0.0,0.0,0.0,0.0,231.25,0.73
0.0,0.0,0.0,0.0,0.26,1.41,0.25,0.25,60.0,7.96
0.0,0.0,0.0,0.0,0.51,1.4,0.5,0.0,50.0,7.98
0.0,0.0,0.0,0.0,0.51,1.15,0.25,0.25,-50.0,7.96
0.0,0.0,-4.18,0.87,4.32,0.0,0.0,0.0,100.0,3.62
0.0,0.0,0.0,0.0,0.64,0.47,0.0,-0.16,5.54,6.35
1.39,-1.37,1.39,0.0,0.0,0.0,0.0,0.0,13.21,0.73
0.0,0.0,0.0,0.26,1.41,0.25,0.25,0.0,-62.5,7.96
0.0,0.0,0.0,0.51,1.4,0.5,0.0,0.0,-33.33,7.98
0.0,0.0,-5.23,5.52,0.0,0.0,0.0,-1.37,0.0,16.58
0.0,0.0,0.0,0.0,-2.73,2.8,0.0,-1.82,-66.67,5.4
0.0,0.0,0.0,0.51,1.15,0.25,0.25,0.0,-100.0,7.96
0.0,0.0,0.0,0.0,0.0,-1.4,-6.95,8.99,0.0,20.0
0.0,-4.18,0.87,4.32,0.0,0.0,0.0,0.0,-100.0,3.62
0.0,0.0,0.0,0.64,0.47,0.0,-0.16,0.0,-2.95,6.35
0.0,0.0,0.26,1.41,0.25,0.25,0.0,0.0,266.67,7.96
0.0,0.0,0.51,1.4,0.5,0.0,0.0,0.0,0.0,7.98
0.0,-5.23,5.52,0.0,0.0,0.0,-1.37,1.39,-100.0,16.81
0.0,0.0,0.0,-2.73,2.8,0.0,-1.82,1.85,100.0,5.5
0.0,0.0,0.51,1.15,0.25,0.25,0.0,0.25,100.0,7.98
0.0,0.0,0.0,0.0,-1.4,-6.95,8.99,0.0,0.0,20.0
0.0,0.0,0.64,0.47,0.0,-0.16,0.0,0.0,-1.86,6.35
0.0,0.26,1.41,0.25,0.25,0.0,0.0,0.0,-18.18,7.96
0.0,0.51,1.4,0.5,0.0,0.0,0.0,0.0,-50.0,7.98
-5.23,5.52,0.0,0.0,0.0,-1.37,1.39,0.0,100.0,16.81
0.0,0.0,-2.73,2.8,0.0,-1.82,1.85,0.0,0.0,5.5
0.0,0.51,1.15,0.25,0.25,0.0,0.25,0.0,-100.0,7.98
0.0,0.0,0.0,-1.4,-6.95,8.99,0.0,0.0,-75.0,20.0
0.0,0.0,7.55,0.0,0.0,0.0,-3.51,-3.64,-53.49,0.53
0.0,0.64,0.47,0.0,-0.16,0.0,0.0,0.0,1.72,6.35
0.26,1.41,0.25,0.25,0.0,0.0,0.0,0.0,-55.56,7.96
0.51,1.4,0.5,0.0,0.0,0.0,0.0,0.0,100.0,7.98
5.52,0.0,0.0,0.0,-1.37,1.39,0.0,0.0,-33.33,16.81
0.0,-2.73,2.8,0.0,-1.82,1.85,0.0,0.0,-25.0,5.5
0.51,1.15,0.25,0.25,0.0,0.25,0.0,0.0,100.0,7.98
0.0,0.0,-1.4,-6.95,8.99,0.0,0.0,0.0,100.0,20.0
0.0,-3.06,3.16,0.0,0.0,0.0,0.0,-2.04,-77.78,0.96
0.0,7.55,0.0,0.0,0.0,-3.51,-3.64,7.55,40.0,0.57
0.64,0.47,0.0,-0.16,0.0,0.0,0.0,0.0,4.91,6.35
1.41,0.25,0.25,0.0,0.0,0.0,0.0,0.0,150.0,7.96
-2.73,2.8,0.0,-1.82,1.85,0.0,0.0,0.0,100.0,5.5
1.15,0.25,0.25,0.0,0.25,0.0,0.0,0.0,0.0,7.98
0.0,-1.4,-6.95,8.99,0.0,0.0,0.0,0.0,200.0,20.0
-3.06,3.16,0.0,0.0,0.0,0.0,-2.04,2.08,270.0,0.98
7.55,0.0,0.0,0.0,-3.51,-3.64,7.55,0.0,46.43,0.57
0.0,0.0,0.0,0.0,0.0,-1.23,1.79,0.88,-33.33,5.75
2.8,0.0,-1.82,1.85,0.0,0.0,0.0,0.0,-16.67,5.5
0.25,0.25,0.0,0.25,0.0,0.0,0.0,0.0,100.0,7.98
-1.4,-6.95,8.99,0.0,0.0,0.0,0.0,0.0,-16.67,20.0
3.16,0.0,0.0,0.0,0.0,-2.04,2.08,0.0,-75.68,0.98
0.0,0.0,0.0,-3.51,-3.64,7.55,0.0,0.0,31.71,0.57
0.0,0.0,0.0,0.0,0.0,-1.37,-2.78,1.43,-37.5,0.71
0.0,0.0,0.0,0.0,-1.23,1.79,0.88,1.91,0.0,5.86
0.0,0.0,-3.51,-3.64,7.55,0.0,0.0,0.0,-61.11,0.57
0.0,0.0,0.0,0.0,-1.37,-2.78,1.43,-1.41,70.0,0.7
0.0,0.0,0.0,-1.23,1.79,0.88,1.91,0.51,0.0,5.89
0.0,-3.51,-3.64,7.55,0.0,0.0,0.0,0.0,23.81,0.57
0.0,0.0,0.0,-1.37,-2.78,1.43,-1.41,1.43,-43.14,0.71
0.0,0.0,-1.23,1.79,0.88,1.91,0.51,0.34,-50.0,5.91
0.0,0.0,0.0,0.51,0.2,0.1,0.1,0.1,100.0,9.98
-3.51,-3.64,7.55,0.0,0.0,0.0,0.0,0.0,-46.15,0.57
0.0,0.0,-1.37,-2.78,1.43,-1.41,1.43,0.0,196.55,0.71
0.0,-1.23,1.79,0.88,1.91,0.51,0.34,-1.02,100.0,5.85
0.0,0.0,0.51,0.2,0.1,0.1,0.1,0.0,200.0,9.98
0.0,0.0,1.69,0.0,0.0,0.0,-8.33,9.09,-30.0,0.6
0.0,-1.37,-2.78,1.43,-1.41,1.43,0.0,-1.41,-59.3,0.7
-1.23,1.79,0.88,1.91,0.51,0.34,-1.02,0.0,0.0,5.85
0.0,0.51,0.2,0.1,0.1,0.1,0.0,0.0,-66.67,9.98
0.0,1.69,0.0,0.0,0.0,-8.33,9.09,0.0,-100.0,0.6
-1.37,-2.78,1.43,-1.41,1.43,0.0,-1.41,1.43,108.57,0.71
1.79,0.88,1.91,0.51,0.34,-1.02,0.0,1.54,0.0,5.94
0.51,0.2,0.1,0.1,0.1,0.0,0.0,0.0,100.0,9.98
1.69,0.0,0.0,0.0,-8.33,9.09,0.0,0.0,100.0,0.6
-2.78,1.43,-1.41,1.43,0.0,-1.41,1.43,0.0,-5.48,0.71
0.88,1.91,0.51,0.34,-1.02,0.0,1.54,0.0,-50.0,5.94
0.2,0.1,0.1,0.1,0.0,0.0,0.0,0.0,-50.0,9.98
0.0,0.0,0.16,0.0,0.0,-0.16,0.0,0.63,5.84,6.39
1.43,-1.41,1.43,0.0,-1.41,1.43,0.0,-1.41,-52.17,0.7
0.0,0.0,0.0,0.0,0.0,7.02,0.79,0.78,14.29,3.87
1.91,0.51,0.34,-1.02,0.0,1.54,0.0,0.0,0.0,5.94
0.1,0.1,0.1,0.0,0.0,0.0,0.0,0.0,100.0,9.98
0.0,0.16,0.0,0.0,-0.16,0.0,0.63,0.78,-5.05,6.44
-1.41,1.43,0.0,-1.41,1.43,0.0,-1.41,1.43,36.36,0.71
0.0,0.0,0.0,0.0,7.02,0.79,0.78,0.0,-20.83,3.87
0.51,0.34,-1.02,0.0,1.54,0.0,0.0,0.0,0.0,5.94
0.0,0.0,0.0,0.0,0.0,-2.04,2.08,-2.04,-15.48,0.96
0.0,0.0,0.0,-3.51,0.0,0.0,3.64,-3.51,-18.75,0.55
0.16,0.0,0.0,-0.16,0.0,0.63,0.78,0.0,1.83,6.44
1.43,0.0,-1.41,1.43,0.0,-1.41,1.43,0.0,-13.33,0.71
0.0,0.0,0.0,7.02,0.79,0.78,0.0,0.0,36.84,3.87
0.34,-1.02,0.0,1.54,0.0,0.0,0.0,0.0,200.0,5.94
0.0,0.0,0.0,0.0,-2.04,2.08,-2.04,2.08,-24.43,0.98
0.0,0.0,-3.51,0.0,0.0,3.64,-3.51,0.0,130.77,0.55
0.0,0.0,-0.16,0.0,0.63,0.78,0.0,0.0,-9.3,6.44
0.0,-1.41,1.43,0.0,-1.41,1.43,0.0,0.0,17.95,0.71
0.0,0.0,7.02,0.79,0.78,0.0,0.0,0.0,-19.23,3.87
0.0,0.0,0.0,0.0,0.14,-0.05,0.0,-0.09,0.0,21.78
0.0,0.0,0.0,-2.04,2.08,-2.04,2.08,0.0,-14.14,0.98
0.0,-3.51,0.0,0.0,3.64,-3.51,0.0,3.64,60.0,0.57
0.0,-0.16,0.0,0.63,0.78,0.0,0.0,0.0,8.99,6.44
